source_relative_path,bytes,sha256,git_blob_sha1,archive_zip_member,disposition
data/captures/sites/127_0_0_1_49216_20260529_214533/layer1.html,361,f30c4780209a99434a97ec5605bef376abeb652c352ab3a508447df023d3ab83,2c1e1955e33c31ea47c05072e95f4da539e8203d,data/captures/sites/127_0_0_1_49216_20260529_214533/layer1.html,archived_unique_ignored_capture
data/captures/sites/127_0_0_1_49226_20260529_162100/layer1.html,361,f30c4780209a99434a97ec5605bef376abeb652c352ab3a508447df023d3ab83,2c1e1955e33c31ea47c05072e95f4da539e8203d,data/captures/sites/127_0_0_1_49226_20260529_162100/layer1.html,archived_unique_ignored_capture
data/captures/sites/127_0_0_1_49248_20260529_214540/layer1.html,209,8d01a8e5400a093625429fe59cf46e5961d1f2afcfc2888ef15a2fc319af3d00,54935252b8e6dee47fb05fb23d8380a3a5ce67bf,data/captures/sites/127_0_0_1_49248_20260529_214540/layer1.html,archived_unique_ignored_capture
data/captures/sites/127_0_0_1_49267_20260529_162107/layer1.html,209,8d01a8e5400a093625429fe59cf46e5961d1f2afcfc2888ef15a2fc319af3d00,54935252b8e6dee47fb05fb23d8380a3a5ce67bf,data/captures/sites/127_0_0_1_49267_20260529_162107/layer1.html,archived_unique_ignored_capture
data/captures/sites/127_0_0_1_49497_20260529_214849/layer1.html,361,f30c4780209a99434a97ec5605bef376abeb652c352ab3a508447df023d3ab83,2c1e1955e33c31ea47c05072e95f4da539e8203d,data/captures/sites/127_0_0_1_49497_20260529_214849/layer1.html,archived_unique_ignored_capture
data/captures/sites/127_0_0_1_49531_20260529_214857/layer1.html,209,8d01a8e5400a093625429fe59cf46e5961d1f2afcfc2888ef15a2fc319af3d00,54935252b8e6dee47fb05fb23d8380a3a5ce67bf,data/captures/sites/127_0_0_1_49531_20260529_214857/layer1.html,archived_unique_ignored_capture
data/captures/sites/127_0_0_1_49578_20260529_162529/layer1.html,361,f30c4780209a99434a97ec5605bef376abeb652c352ab3a508447df023d3ab83,2c1e1955e33c31ea47c05072e95f4da539e8203d,data/captures/sites/127_0_0_1_49578_20260529_162529/layer1.html,archived_unique_ignored_capture
data/captures/sites/127_0_0_1_49617_20260529_162536/layer1.html,209,8d01a8e5400a093625429fe59cf46e5961d1f2afcfc2888ef15a2fc319af3d00,54935252b8e6dee47fb05fb23d8380a3a5ce67bf,data/captures/sites/127_0_0_1_49617_20260529_162536/layer1.html,archived_unique_ignored_capture
data/captures/sites/127_0_0_1_49910_20260529_215314/layer1.html,361,f30c4780209a99434a97ec5605bef376abeb652c352ab3a508447df023d3ab83,2c1e1955e33c31ea47c05072e95f4da539e8203d,data/captures/sites/127_0_0_1_49910_20260529_215314/layer1.html,archived_unique_ignored_capture
data/captures/sites/127_0_0_1_49934_20260529_215321/layer1.html,209,8d01a8e5400a093625429fe59cf46e5961d1f2afcfc2888ef15a2fc319af3d00,54935252b8e6dee47fb05fb23d8380a3a5ce67bf,data/captures/sites/127_0_0_1_49934_20260529_215321/layer1.html,archived_unique_ignored_capture
data/captures/sites/127_0_0_1_50172_20260529_163151/layer1.html,361,f30c4780209a99434a97ec5605bef376abeb652c352ab3a508447df023d3ab83,2c1e1955e33c31ea47c05072e95f4da539e8203d,data/captures/sites/127_0_0_1_50172_20260529_163151/layer1.html,archived_unique_ignored_capture
data/captures/sites/127_0_0_1_50210_20260529_163158/layer1.html,209,8d01a8e5400a093625429fe59cf46e5961d1f2afcfc2888ef15a2fc319af3d00,54935252b8e6dee47fb05fb23d8380a3a5ce67bf,data/captures/sites/127_0_0_1_50210_20260529_163158/layer1.html,archived_unique_ignored_capture
data/captures/sites/127_0_0_1_50271_20260529_163225/layer1.html,361,f30c4780209a99434a97ec5605bef376abeb652c352ab3a508447df023d3ab83,2c1e1955e33c31ea47c05072e95f4da539e8203d,data/captures/sites/127_0_0_1_50271_20260529_163225/layer1.html,archived_unique_ignored_capture
data/captures/sites/127_0_0_1_50294_20260529_215749/layer1.html,361,f30c4780209a99434a97ec5605bef376abeb652c352ab3a508447df023d3ab83,2c1e1955e33c31ea47c05072e95f4da539e8203d,data/captures/sites/127_0_0_1_50294_20260529_215749/layer1.html,archived_unique_ignored_capture
data/captures/sites/127_0_0_1_50305_20260529_163232/layer1.html,209,8d01a8e5400a093625429fe59cf46e5961d1f2afcfc2888ef15a2fc319af3d00,54935252b8e6dee47fb05fb23d8380a3a5ce67bf,data/captures/sites/127_0_0_1_50305_20260529_163232/layer1.html,archived_unique_ignored_capture
data/captures/sites/127_0_0_1_50327_20260529_215757/layer1.html,209,8d01a8e5400a093625429fe59cf46e5961d1f2afcfc2888ef15a2fc319af3d00,54935252b8e6dee47fb05fb23d8380a3a5ce67bf,data/captures/sites/127_0_0_1_50327_20260529_215757/layer1.html,archived_unique_ignored_capture
data/captures/sites/127_0_0_1_50361_20260529_163312/layer1.html,361,f30c4780209a99434a97ec5605bef376abeb652c352ab3a508447df023d3ab83,2c1e1955e33c31ea47c05072e95f4da539e8203d,data/captures/sites/127_0_0_1_50361_20260529_163312/layer1.html,archived_unique_ignored_capture
data/captures/sites/127_0_0_1_50387_20260529_163319/layer1.html,209,8d01a8e5400a093625429fe59cf46e5961d1f2afcfc2888ef15a2fc319af3d00,54935252b8e6dee47fb05fb23d8380a3a5ce67bf,data/captures/sites/127_0_0_1_50387_20260529_163319/layer1.html,archived_unique_ignored_capture
data/captures/sites/127_0_0_1_50628_20260529_220202/layer1.html,361,f30c4780209a99434a97ec5605bef376abeb652c352ab3a508447df023d3ab83,2c1e1955e33c31ea47c05072e95f4da539e8203d,data/captures/sites/127_0_0_1_50628_20260529_220202/layer1.html,archived_unique_ignored_capture
data/captures/sites/127_0_0_1_50661_20260529_220210/layer1.html,209,8d01a8e5400a093625429fe59cf46e5961d1f2afcfc2888ef15a2fc319af3d00,54935252b8e6dee47fb05fb23d8380a3a5ce67bf,data/captures/sites/127_0_0_1_50661_20260529_220210/layer1.html,archived_unique_ignored_capture
data/captures/sites/127_0_0_1_50819_20260529_163744/layer1.html,361,f30c4780209a99434a97ec5605bef376abeb652c352ab3a508447df023d3ab83,2c1e1955e33c31ea47c05072e95f4da539e8203d,data/captures/sites/127_0_0_1_50819_20260529_163744/layer1.html,archived_unique_ignored_capture
data/captures/sites/127_0_0_1_50858_20260529_163752/layer1.html,209,8d01a8e5400a093625429fe59cf46e5961d1f2afcfc2888ef15a2fc319af3d00,54935252b8e6dee47fb05fb23d8380a3a5ce67bf,data/captures/sites/127_0_0_1_50858_20260529_163752/layer1.html,archived_unique_ignored_capture
data/captures/sites/127_0_0_1_50910_20260529_163830/layer1.html,361,f30c4780209a99434a97ec5605bef376abeb652c352ab3a508447df023d3ab83,2c1e1955e33c31ea47c05072e95f4da539e8203d,data/captures/sites/127_0_0_1_50910_20260529_163830/layer1.html,archived_unique_ignored_capture
data/captures/sites/127_0_0_1_50915_20260529_220555/layer1.html,361,f30c4780209a99434a97ec5605bef376abeb652c352ab3a508447df023d3ab83,2c1e1955e33c31ea47c05072e95f4da539e8203d,data/captures/sites/127_0_0_1_50915_20260529_220555/layer1.html,archived_unique_ignored_capture
data/captures/sites/127_0_0_1_50936_20260529_163837/layer1.html,209,8d01a8e5400a093625429fe59cf46e5961d1f2afcfc2888ef15a2fc319af3d00,54935252b8e6dee47fb05fb23d8380a3a5ce67bf,data/captures/sites/127_0_0_1_50936_20260529_163837/layer1.html,archived_unique_ignored_capture
data/captures/sites/127_0_0_1_50946_20260529_220602/layer1.html,209,8d01a8e5400a093625429fe59cf46e5961d1f2afcfc2888ef15a2fc319af3d00,54935252b8e6dee47fb05fb23d8380a3a5ce67bf,data/captures/sites/127_0_0_1_50946_20260529_220602/layer1.html,archived_unique_ignored_capture
data/captures/sites/127_0_0_1_51090_20260529_220756/layer1.html,361,f30c4780209a99434a97ec5605bef376abeb652c352ab3a508447df023d3ab83,2c1e1955e33c31ea47c05072e95f4da539e8203d,data/captures/sites/127_0_0_1_51090_20260529_220756/layer1.html,archived_unique_ignored_capture
data/captures/sites/127_0_0_1_51119_20260529_220804/layer1.html,209,8d01a8e5400a093625429fe59cf46e5961d1f2afcfc2888ef15a2fc319af3d00,54935252b8e6dee47fb05fb23d8380a3a5ce67bf,data/captures/sites/127_0_0_1_51119_20260529_220804/layer1.html,archived_unique_ignored_capture
data/captures/sites/127_0_0_1_51284_20260529_164246/layer1.html,361,f30c4780209a99434a97ec5605bef376abeb652c352ab3a508447df023d3ab83,2c1e1955e33c31ea47c05072e95f4da539e8203d,data/captures/sites/127_0_0_1_51284_20260529_164246/layer1.html,archived_unique_ignored_capture
data/captures/sites/127_0_0_1_51319_20260529_164253/layer1.html,209,8d01a8e5400a093625429fe59cf46e5961d1f2afcfc2888ef15a2fc319af3d00,54935252b8e6dee47fb05fb23d8380a3a5ce67bf,data/captures/sites/127_0_0_1_51319_20260529_164253/layer1.html,archived_unique_ignored_capture
data/captures/sites/127_0_0_1_51365_20260529_164330/layer1.html,361,f30c4780209a99434a97ec5605bef376abeb652c352ab3a508447df023d3ab83,2c1e1955e33c31ea47c05072e95f4da539e8203d,data/captures/sites/127_0_0_1_51365_20260529_164330/layer1.html,archived_unique_ignored_capture
data/captures/sites/127_0_0_1_51385_20260529_221156/layer1.html,361,f30c4780209a99434a97ec5605bef376abeb652c352ab3a508447df023d3ab83,2c1e1955e33c31ea47c05072e95f4da539e8203d,data/captures/sites/127_0_0_1_51385_20260529_221156/layer1.html,archived_unique_ignored_capture
data/captures/sites/127_0_0_1_51397_20260529_164337/layer1.html,209,8d01a8e5400a093625429fe59cf46e5961d1f2afcfc2888ef15a2fc319af3d00,54935252b8e6dee47fb05fb23d8380a3a5ce67bf,data/captures/sites/127_0_0_1_51397_20260529_164337/layer1.html,archived_unique_ignored_capture
data/captures/sites/127_0_0_1_51420_20260529_221204/layer1.html,209,8d01a8e5400a093625429fe59cf46e5961d1f2afcfc2888ef15a2fc319af3d00,54935252b8e6dee47fb05fb23d8380a3a5ce67bf,data/captures/sites/127_0_0_1_51420_20260529_221204/layer1.html,archived_unique_ignored_capture
data/captures/sites/127_0_0_1_51537_20260529_221315/layer1.html,361,f30c4780209a99434a97ec5605bef376abeb652c352ab3a508447df023d3ab83,2c1e1955e33c31ea47c05072e95f4da539e8203d,data/captures/sites/127_0_0_1_51537_20260529_221315/layer1.html,archived_unique_ignored_capture
data/captures/sites/127_0_0_1_51566_20260529_221322/layer1.html,209,8d01a8e5400a093625429fe59cf46e5961d1f2afcfc2888ef15a2fc319af3d00,54935252b8e6dee47fb05fb23d8380a3a5ce67bf,data/captures/sites/127_0_0_1_51566_20260529_221322/layer1.html,archived_unique_ignored_capture
data/captures/sites/127_0_0_1_51747_20260529_164842/layer1.html,361,f30c4780209a99434a97ec5605bef376abeb652c352ab3a508447df023d3ab83,2c1e1955e33c31ea47c05072e95f4da539e8203d,data/captures/sites/127_0_0_1_51747_20260529_164842/layer1.html,archived_unique_ignored_capture
data/captures/sites/127_0_0_1_51782_20260529_164849/layer1.html,209,8d01a8e5400a093625429fe59cf46e5961d1f2afcfc2888ef15a2fc319af3d00,54935252b8e6dee47fb05fb23d8380a3a5ce67bf,data/captures/sites/127_0_0_1_51782_20260529_164849/layer1.html,archived_unique_ignored_capture
data/captures/sites/127_0_0_1_51784_20260529_221647/layer1.html,361,f30c4780209a99434a97ec5605bef376abeb652c352ab3a508447df023d3ab83,2c1e1955e33c31ea47c05072e95f4da539e8203d,data/captures/sites/127_0_0_1_51784_20260529_221647/layer1.html,archived_unique_ignored_capture
data/captures/sites/127_0_0_1_51818_20260529_221654/layer1.html,209,8d01a8e5400a093625429fe59cf46e5961d1f2afcfc2888ef15a2fc319af3d00,54935252b8e6dee47fb05fb23d8380a3a5ce67bf,data/captures/sites/127_0_0_1_51818_20260529_221654/layer1.html,archived_unique_ignored_capture
data/captures/sites/127_0_0_1_51827_20260529_164923/layer1.html,361,f30c4780209a99434a97ec5605bef376abeb652c352ab3a508447df023d3ab83,2c1e1955e33c31ea47c05072e95f4da539e8203d,data/captures/sites/127_0_0_1_51827_20260529_164923/layer1.html,archived_unique_ignored_capture
data/captures/sites/127_0_0_1_51852_20260529_164930/layer1.html,209,8d01a8e5400a093625429fe59cf46e5961d1f2afcfc2888ef15a2fc319af3d00,54935252b8e6dee47fb05fb23d8380a3a5ce67bf,data/captures/sites/127_0_0_1_51852_20260529_164930/layer1.html,archived_unique_ignored_capture
data/captures/sites/127_0_0_1_51905_20260529_221803/layer1.html,361,f30c4780209a99434a97ec5605bef376abeb652c352ab3a508447df023d3ab83,2c1e1955e33c31ea47c05072e95f4da539e8203d,data/captures/sites/127_0_0_1_51905_20260529_221803/layer1.html,archived_unique_ignored_capture
data/captures/sites/127_0_0_1_51933_20260529_221810/layer1.html,209,8d01a8e5400a093625429fe59cf46e5961d1f2afcfc2888ef15a2fc319af3d00,54935252b8e6dee47fb05fb23d8380a3a5ce67bf,data/captures/sites/127_0_0_1_51933_20260529_221810/layer1.html,archived_unique_ignored_capture
data/captures/sites/127_0_0_1_52187_20260529_165414/layer1.html,361,f30c4780209a99434a97ec5605bef376abeb652c352ab3a508447df023d3ab83,2c1e1955e33c31ea47c05072e95f4da539e8203d,data/captures/sites/127_0_0_1_52187_20260529_165414/layer1.html,archived_unique_ignored_capture
data/captures/sites/127_0_0_1_52228_20260529_191031/layer1.html,361,f30c4780209a99434a97ec5605bef376abeb652c352ab3a508447df023d3ab83,2c1e1955e33c31ea47c05072e95f4da539e8203d,data/captures/sites/127_0_0_1_52228_20260529_191031/layer1.html,archived_unique_ignored_capture
data/captures/sites/127_0_0_1_52234_20260529_165422/layer1.html,209,8d01a8e5400a093625429fe59cf46e5961d1f2afcfc2888ef15a2fc319af3d00,54935252b8e6dee47fb05fb23d8380a3a5ce67bf,data/captures/sites/127_0_0_1_52234_20260529_165422/layer1.html,archived_unique_ignored_capture
data/captures/sites/127_0_0_1_52262_20260529_191038/layer1.html,209,8d01a8e5400a093625429fe59cf46e5961d1f2afcfc2888ef15a2fc319af3d00,54935252b8e6dee47fb05fb23d8380a3a5ce67bf,data/captures/sites/127_0_0_1_52262_20260529_191038/layer1.html,archived_unique_ignored_capture
data/captures/sites/127_0_0_1_52262_20260529_222329/layer1.html,361,f30c4780209a99434a97ec5605bef376abeb652c352ab3a508447df023d3ab83,2c1e1955e33c31ea47c05072e95f4da539e8203d,data/captures/sites/127_0_0_1_52262_20260529_222329/layer1.html,archived_unique_ignored_capture
data/captures/sites/127_0_0_1_52274_20260529_165453/layer1.html,361,f30c4780209a99434a97ec5605bef376abeb652c352ab3a508447df023d3ab83,2c1e1955e33c31ea47c05072e95f4da539e8203d,data/captures/sites/127_0_0_1_52274_20260529_165453/layer1.html,archived_unique_ignored_capture
data/captures/sites/127_0_0_1_52294_20260529_222337/layer1.html,209,8d01a8e5400a093625429fe59cf46e5961d1f2afcfc2888ef15a2fc319af3d00,54935252b8e6dee47fb05fb23d8380a3a5ce67bf,data/captures/sites/127_0_0_1_52294_20260529_222337/layer1.html,archived_unique_ignored_capture
data/captures/sites/127_0_0_1_52300_20260529_165500/layer1.html,209,8d01a8e5400a093625429fe59cf46e5961d1f2afcfc2888ef15a2fc319af3d00,54935252b8e6dee47fb05fb23d8380a3a5ce67bf,data/captures/sites/127_0_0_1_52300_20260529_165500/layer1.html,archived_unique_ignored_capture
data/captures/sites/127_0_0_1_52304_20260529_191112/layer1.html,361,f30c4780209a99434a97ec5605bef376abeb652c352ab3a508447df023d3ab83,2c1e1955e33c31ea47c05072e95f4da539e8203d,data/captures/sites/127_0_0_1_52304_20260529_191112/layer1.html,archived_unique_ignored_capture
data/captures/sites/127_0_0_1_52329_20260529_191120/layer1.html,209,8d01a8e5400a093625429fe59cf46e5961d1f2afcfc2888ef15a2fc319af3d00,54935252b8e6dee47fb05fb23d8380a3a5ce67bf,data/captures/sites/127_0_0_1_52329_20260529_191120/layer1.html,archived_unique_ignored_capture
data/captures/sites/127_0_0_1_52460_20260529_191253/layer1.html,361,f30c4780209a99434a97ec5605bef376abeb652c352ab3a508447df023d3ab83,2c1e1955e33c31ea47c05072e95f4da539e8203d,data/captures/sites/127_0_0_1_52460_20260529_191253/layer1.html,archived_unique_ignored_capture
data/captures/sites/127_0_0_1_52473_20260529_191300/layer1.html,209,8d01a8e5400a093625429fe59cf46e5961d1f2afcfc2888ef15a2fc319af3d00,54935252b8e6dee47fb05fb23d8380a3a5ce67bf,data/captures/sites/127_0_0_1_52473_20260529_191300/layer1.html,archived_unique_ignored_capture
data/captures/sites/127_0_0_1_52563_20260529_222634/layer1.html,361,f30c4780209a99434a97ec5605bef376abeb652c352ab3a508447df023d3ab83,2c1e1955e33c31ea47c05072e95f4da539e8203d,data/captures/sites/127_0_0_1_52563_20260529_222634/layer1.html,archived_unique_ignored_capture
data/captures/sites/127_0_0_1_52591_20260529_222642/layer1.html,209,8d01a8e5400a093625429fe59cf46e5961d1f2afcfc2888ef15a2fc319af3d00,54935252b8e6dee47fb05fb23d8380a3a5ce67bf,data/captures/sites/127_0_0_1_52591_20260529_222642/layer1.html,archived_unique_ignored_capture
data/captures/sites/127_0_0_1_52970_20260529_170146/layer1.html,361,f30c4780209a99434a97ec5605bef376abeb652c352ab3a508447df023d3ab83,2c1e1955e33c31ea47c05072e95f4da539e8203d,data/captures/sites/127_0_0_1_52970_20260529_170146/layer1.html,archived_unique_ignored_capture
data/captures/sites/127_0_0_1_53013_20260529_170153/layer1.html,209,8d01a8e5400a093625429fe59cf46e5961d1f2afcfc2888ef15a2fc319af3d00,54935252b8e6dee47fb05fb23d8380a3a5ce67bf,data/captures/sites/127_0_0_1_53013_20260529_170153/layer1.html,archived_unique_ignored_capture
data/captures/sites/127_0_0_1_53068_20260529_170229/layer1.html,361,f30c4780209a99434a97ec5605bef376abeb652c352ab3a508447df023d3ab83,2c1e1955e33c31ea47c05072e95f4da539e8203d,data/captures/sites/127_0_0_1_53068_20260529_170229/layer1.html,archived_unique_ignored_capture
data/captures/sites/127_0_0_1_53086_20260529_223411/layer1.html,361,f30c4780209a99434a97ec5605bef376abeb652c352ab3a508447df023d3ab83,2c1e1955e33c31ea47c05072e95f4da539e8203d,data/captures/sites/127_0_0_1_53086_20260529_223411/layer1.html,archived_unique_ignored_capture
data/captures/sites/127_0_0_1_53093_20260529_170237/layer1.html,209,8d01a8e5400a093625429fe59cf46e5961d1f2afcfc2888ef15a2fc319af3d00,54935252b8e6dee47fb05fb23d8380a3a5ce67bf,data/captures/sites/127_0_0_1_53093_20260529_170237/layer1.html,archived_unique_ignored_capture
data/captures/sites/127_0_0_1_53121_20260529_223418/layer1.html,209,8d01a8e5400a093625429fe59cf46e5961d1f2afcfc2888ef15a2fc319af3d00,54935252b8e6dee47fb05fb23d8380a3a5ce67bf,data/captures/sites/127_0_0_1_53121_20260529_223418/layer1.html,archived_unique_ignored_capture
data/captures/sites/127_0_0_1_53432_20260529_170847/layer1.html,361,f30c4780209a99434a97ec5605bef376abeb652c352ab3a508447df023d3ab83,2c1e1955e33c31ea47c05072e95f4da539e8203d,data/captures/sites/127_0_0_1_53432_20260529_170847/layer1.html,archived_unique_ignored_capture
data/captures/sites/127_0_0_1_53446_20260529_223818/layer1.html,361,f30c4780209a99434a97ec5605bef376abeb652c352ab3a508447df023d3ab83,2c1e1955e33c31ea47c05072e95f4da539e8203d,data/captures/sites/127_0_0_1_53446_20260529_223818/layer1.html,archived_unique_ignored_capture
data/captures/sites/127_0_0_1_53468_20260529_170854/layer1.html,209,8d01a8e5400a093625429fe59cf46e5961d1f2afcfc2888ef15a2fc319af3d00,54935252b8e6dee47fb05fb23d8380a3a5ce67bf,data/captures/sites/127_0_0_1_53468_20260529_170854/layer1.html,archived_unique_ignored_capture
data/captures/sites/127_0_0_1_53481_20260529_223825/layer1.html,209,8d01a8e5400a093625429fe59cf46e5961d1f2afcfc2888ef15a2fc319af3d00,54935252b8e6dee47fb05fb23d8380a3a5ce67bf,data/captures/sites/127_0_0_1_53481_20260529_223825/layer1.html,archived_unique_ignored_capture
data/captures/sites/127_0_0_1_53524_20260529_170938/layer1.html,361,f30c4780209a99434a97ec5605bef376abeb652c352ab3a508447df023d3ab83,2c1e1955e33c31ea47c05072e95f4da539e8203d,data/captures/sites/127_0_0_1_53524_20260529_170938/layer1.html,archived_unique_ignored_capture
data/captures/sites/127_0_0_1_53555_20260529_170945/layer1.html,209,8d01a8e5400a093625429fe59cf46e5961d1f2afcfc2888ef15a2fc319af3d00,54935252b8e6dee47fb05fb23d8380a3a5ce67bf,data/captures/sites/127_0_0_1_53555_20260529_170945/layer1.html,archived_unique_ignored_capture
data/captures/sites/127_0_0_1_53869_20260529_224421/layer1.html,361,f30c4780209a99434a97ec5605bef376abeb652c352ab3a508447df023d3ab83,2c1e1955e33c31ea47c05072e95f4da539e8203d,data/captures/sites/127_0_0_1_53869_20260529_224421/layer1.html,archived_unique_ignored_capture
data/captures/sites/127_0_0_1_53887_20260529_224429/layer1.html,209,8d01a8e5400a093625429fe59cf46e5961d1f2afcfc2888ef15a2fc319af3d00,54935252b8e6dee47fb05fb23d8380a3a5ce67bf,data/captures/sites/127_0_0_1_53887_20260529_224429/layer1.html,archived_unique_ignored_capture
data/captures/sites/127_0_0_1_54093_20260529_171612/layer1.html,361,f30c4780209a99434a97ec5605bef376abeb652c352ab3a508447df023d3ab83,2c1e1955e33c31ea47c05072e95f4da539e8203d,data/captures/sites/127_0_0_1_54093_20260529_171612/layer1.html,archived_unique_ignored_capture
data/captures/sites/127_0_0_1_54140_20260529_171620/layer1.html,209,8d01a8e5400a093625429fe59cf46e5961d1f2afcfc2888ef15a2fc319af3d00,54935252b8e6dee47fb05fb23d8380a3a5ce67bf,data/captures/sites/127_0_0_1_54140_20260529_171620/layer1.html,archived_unique_ignored_capture
data/captures/sites/127_0_0_1_54183_20260529_171655/layer1.html,361,f30c4780209a99434a97ec5605bef376abeb652c352ab3a508447df023d3ab83,2c1e1955e33c31ea47c05072e95f4da539e8203d,data/captures/sites/127_0_0_1_54183_20260529_171655/layer1.html,archived_unique_ignored_capture
data/captures/sites/127_0_0_1_54209_20260529_224903/layer1.html,361,f30c4780209a99434a97ec5605bef376abeb652c352ab3a508447df023d3ab83,2c1e1955e33c31ea47c05072e95f4da539e8203d,data/captures/sites/127_0_0_1_54209_20260529_224903/layer1.html,archived_unique_ignored_capture
data/captures/sites/127_0_0_1_54210_20260529_171703/layer1.html,209,8d01a8e5400a093625429fe59cf46e5961d1f2afcfc2888ef15a2fc319af3d00,54935252b8e6dee47fb05fb23d8380a3a5ce67bf,data/captures/sites/127_0_0_1_54210_20260529_171703/layer1.html,archived_unique_ignored_capture
data/captures/sites/127_0_0_1_54222_20260529_224911/layer1.html,209,8d01a8e5400a093625429fe59cf46e5961d1f2afcfc2888ef15a2fc319af3d00,54935252b8e6dee47fb05fb23d8380a3a5ce67bf,data/captures/sites/127_0_0_1_54222_20260529_224911/layer1.html,archived_unique_ignored_capture
data/captures/sites/127_0_0_1_54284_20260529_171811/layer1.html,361,f30c4780209a99434a97ec5605bef376abeb652c352ab3a508447df023d3ab83,2c1e1955e33c31ea47c05072e95f4da539e8203d,data/captures/sites/127_0_0_1_54284_20260529_171811/layer1.html,archived_unique_ignored_capture
data/captures/sites/127_0_0_1_54309_20260529_171818/layer1.html,209,8d01a8e5400a093625429fe59cf46e5961d1f2afcfc2888ef15a2fc319af3d00,54935252b8e6dee47fb05fb23d8380a3a5ce67bf,data/captures/sites/127_0_0_1_54309_20260529_171818/layer1.html,archived_unique_ignored_capture
data/captures/sites/127_0_0_1_54341_20260529_192511/layer1.html,361,f30c4780209a99434a97ec5605bef376abeb652c352ab3a508447df023d3ab83,2c1e1955e33c31ea47c05072e95f4da539e8203d,data/captures/sites/127_0_0_1_54341_20260529_192511/layer1.html,archived_unique_ignored_capture
data/captures/sites/127_0_0_1_54355_20260529_192518/layer1.html,209,8d01a8e5400a093625429fe59cf46e5961d1f2afcfc2888ef15a2fc319af3d00,54935252b8e6dee47fb05fb23d8380a3a5ce67bf,data/captures/sites/127_0_0_1_54355_20260529_192518/layer1.html,archived_unique_ignored_capture
data/captures/sites/127_0_0_1_54605_20260529_172245/layer1.html,361,f30c4780209a99434a97ec5605bef376abeb652c352ab3a508447df023d3ab83,2c1e1955e33c31ea47c05072e95f4da539e8203d,data/captures/sites/127_0_0_1_54605_20260529_172245/layer1.html,archived_unique_ignored_capture
data/captures/sites/127_0_0_1_54640_20260529_172253/layer1.html,209,8d01a8e5400a093625429fe59cf46e5961d1f2afcfc2888ef15a2fc319af3d00,54935252b8e6dee47fb05fb23d8380a3a5ce67bf,data/captures/sites/127_0_0_1_54640_20260529_172253/layer1.html,archived_unique_ignored_capture
data/captures/sites/127_0_0_1_54682_20260529_172327/layer1.html,361,f30c4780209a99434a97ec5605bef376abeb652c352ab3a508447df023d3ab83,2c1e1955e33c31ea47c05072e95f4da539e8203d,data/captures/sites/127_0_0_1_54682_20260529_172327/layer1.html,archived_unique_ignored_capture
data/captures/sites/127_0_0_1_54711_20260529_172334/layer1.html,209,8d01a8e5400a093625429fe59cf46e5961d1f2afcfc2888ef15a2fc319af3d00,54935252b8e6dee47fb05fb23d8380a3a5ce67bf,data/captures/sites/127_0_0_1_54711_20260529_172334/layer1.html,archived_unique_ignored_capture
data/captures/sites/127_0_0_1_54902_20260529_193221/layer1.html,361,f30c4780209a99434a97ec5605bef376abeb652c352ab3a508447df023d3ab83,2c1e1955e33c31ea47c05072e95f4da539e8203d,data/captures/sites/127_0_0_1_54902_20260529_193221/layer1.html,archived_unique_ignored_capture
data/captures/sites/127_0_0_1_54915_20260529_193228/layer1.html,209,8d01a8e5400a093625429fe59cf46e5961d1f2afcfc2888ef15a2fc319af3d00,54935252b8e6dee47fb05fb23d8380a3a5ce67bf,data/captures/sites/127_0_0_1_54915_20260529_193228/layer1.html,archived_unique_ignored_capture
data/captures/sites/127_0_0_1_54998_20260529_193300/layer1.html,361,f30c4780209a99434a97ec5605bef376abeb652c352ab3a508447df023d3ab83,2c1e1955e33c31ea47c05072e95f4da539e8203d,data/captures/sites/127_0_0_1_54998_20260529_193300/layer1.html,archived_unique_ignored_capture
data/captures/sites/127_0_0_1_55023_20260529_225802/layer1.html,361,f30c4780209a99434a97ec5605bef376abeb652c352ab3a508447df023d3ab83,2c1e1955e33c31ea47c05072e95f4da539e8203d,data/captures/sites/127_0_0_1_55023_20260529_225802/layer1.html,archived_unique_ignored_capture
data/captures/sites/127_0_0_1_55027_20260529_193307/layer1.html,209,8d01a8e5400a093625429fe59cf46e5961d1f2afcfc2888ef15a2fc319af3d00,54935252b8e6dee47fb05fb23d8380a3a5ce67bf,data/captures/sites/127_0_0_1_55027_20260529_193307/layer1.html,archived_unique_ignored_capture
data/captures/sites/127_0_0_1_55037_20260529_225809/layer1.html,209,8d01a8e5400a093625429fe59cf46e5961d1f2afcfc2888ef15a2fc319af3d00,54935252b8e6dee47fb05fb23d8380a3a5ce67bf,data/captures/sites/127_0_0_1_55037_20260529_225809/layer1.html,archived_unique_ignored_capture
data/captures/sites/127_0_0_1_55142_20260529_172803/layer1.html,361,f30c4780209a99434a97ec5605bef376abeb652c352ab3a508447df023d3ab83,2c1e1955e33c31ea47c05072e95f4da539e8203d,data/captures/sites/127_0_0_1_55142_20260529_172803/layer1.html,archived_unique_ignored_capture
data/captures/sites/127_0_0_1_55180_20260529_172810/layer1.html,209,8d01a8e5400a093625429fe59cf46e5961d1f2afcfc2888ef15a2fc319af3d00,54935252b8e6dee47fb05fb23d8380a3a5ce67bf,data/captures/sites/127_0_0_1_55180_20260529_172810/layer1.html,archived_unique_ignored_capture
data/captures/sites/127_0_0_1_55223_20260529_172853/layer1.html,361,f30c4780209a99434a97ec5605bef376abeb652c352ab3a508447df023d3ab83,2c1e1955e33c31ea47c05072e95f4da539e8203d,data/captures/sites/127_0_0_1_55223_20260529_172853/layer1.html,archived_unique_ignored_capture
data/captures/sites/127_0_0_1_55248_20260529_172901/layer1.html,209,8d01a8e5400a093625429fe59cf46e5961d1f2afcfc2888ef15a2fc319af3d00,54935252b8e6dee47fb05fb23d8380a3a5ce67bf,data/captures/sites/127_0_0_1_55248_20260529_172901/layer1.html,archived_unique_ignored_capture
data/captures/sites/127_0_0_1_55389_20260605_161415/layer1.html,361,f30c4780209a99434a97ec5605bef376abeb652c352ab3a508447df023d3ab83,2c1e1955e33c31ea47c05072e95f4da539e8203d,data/captures/sites/127_0_0_1_55389_20260605_161415/layer1.html,archived_unique_ignored_capture
data/captures/sites/127_0_0_1_55416_20260605_161423/layer1.html,209,8d01a8e5400a093625429fe59cf46e5961d1f2afcfc2888ef15a2fc319af3d00,54935252b8e6dee47fb05fb23d8380a3a5ce67bf,data/captures/sites/127_0_0_1_55416_20260605_161423/layer1.html,archived_unique_ignored_capture
data/captures/sites/127_0_0_1_55578_20260529_230629/layer1.html,361,f30c4780209a99434a97ec5605bef376abeb652c352ab3a508447df023d3ab83,2c1e1955e33c31ea47c05072e95f4da539e8203d,data/captures/sites/127_0_0_1_55578_20260529_230629/layer1.html,archived_unique_ignored_capture
data/captures/sites/127_0_0_1_55597_20260529_230636/layer1.html,209,8d01a8e5400a093625429fe59cf46e5961d1f2afcfc2888ef15a2fc319af3d00,54935252b8e6dee47fb05fb23d8380a3a5ce67bf,data/captures/sites/127_0_0_1_55597_20260529_230636/layer1.html,archived_unique_ignored_capture
data/captures/sites/127_0_0_1_55642_20260603_064228/layer1.html,361,f30c4780209a99434a97ec5605bef376abeb652c352ab3a508447df023d3ab83,2c1e1955e33c31ea47c05072e95f4da539e8203d,data/captures/sites/127_0_0_1_55642_20260603_064228/layer1.html,archived_unique_ignored_capture
data/captures/sites/127_0_0_1_55679_20260603_064236/layer1.html,209,8d01a8e5400a093625429fe59cf46e5961d1f2afcfc2888ef15a2fc319af3d00,54935252b8e6dee47fb05fb23d8380a3a5ce67bf,data/captures/sites/127_0_0_1_55679_20260603_064236/layer1.html,archived_unique_ignored_capture
data/captures/sites/127_0_0_1_55743_20260529_230802/layer1.html,361,f30c4780209a99434a97ec5605bef376abeb652c352ab3a508447df023d3ab83,2c1e1955e33c31ea47c05072e95f4da539e8203d,data/captures/sites/127_0_0_1_55743_20260529_230802/layer1.html,archived_unique_ignored_capture
data/captures/sites/127_0_0_1_55757_20260529_230810/layer1.html,209,8d01a8e5400a093625429fe59cf46e5961d1f2afcfc2888ef15a2fc319af3d00,54935252b8e6dee47fb05fb23d8380a3a5ce67bf,data/captures/sites/127_0_0_1_55757_20260529_230810/layer1.html,archived_unique_ignored_capture
data/captures/sites/127_0_0_1_55771_20260605_161729/layer1.html,361,f30c4780209a99434a97ec5605bef376abeb652c352ab3a508447df023d3ab83,2c1e1955e33c31ea47c05072e95f4da539e8203d,data/captures/sites/127_0_0_1_55771_20260605_161729/layer1.html,archived_unique_ignored_capture
data/captures/sites/127_0_0_1_55791_20260605_161737/layer1.html,209,8d01a8e5400a093625429fe59cf46e5961d1f2afcfc2888ef15a2fc319af3d00,54935252b8e6dee47fb05fb23d8380a3a5ce67bf,data/captures/sites/127_0_0_1_55791_20260605_161737/layer1.html,archived_unique_ignored_capture
data/captures/sites/127_0_0_1_56091_20260529_193932/layer1.html,361,f30c4780209a99434a97ec5605bef376abeb652c352ab3a508447df023d3ab83,2c1e1955e33c31ea47c05072e95f4da539e8203d,data/captures/sites/127_0_0_1_56091_20260529_193932/layer1.html,archived_unique_ignored_capture
data/captures/sites/127_0_0_1_56117_20260529_193940/layer1.html,209,8d01a8e5400a093625429fe59cf46e5961d1f2afcfc2888ef15a2fc319af3d00,54935252b8e6dee47fb05fb23d8380a3a5ce67bf,data/captures/sites/127_0_0_1_56117_20260529_193940/layer1.html,archived_unique_ignored_capture
data/captures/sites/127_0_0_1_56595_20260529_231920/layer1.html,361,f30c4780209a99434a97ec5605bef376abeb652c352ab3a508447df023d3ab83,2c1e1955e33c31ea47c05072e95f4da539e8203d,data/captures/sites/127_0_0_1_56595_20260529_231920/layer1.html,archived_unique_ignored_capture
data/captures/sites/127_0_0_1_56609_20260529_231927/layer1.html,209,8d01a8e5400a093625429fe59cf46e5961d1f2afcfc2888ef15a2fc319af3d00,54935252b8e6dee47fb05fb23d8380a3a5ce67bf,data/captures/sites/127_0_0_1_56609_20260529_231927/layer1.html,archived_unique_ignored_capture
data/captures/sites/127_0_0_1_56696_20260529_194927/layer1.html,361,f30c4780209a99434a97ec5605bef376abeb652c352ab3a508447df023d3ab83,2c1e1955e33c31ea47c05072e95f4da539e8203d,data/captures/sites/127_0_0_1_56696_20260529_194927/layer1.html,archived_unique_ignored_capture
data/captures/sites/127_0_0_1_56715_20260529_194935/layer1.html,209,8d01a8e5400a093625429fe59cf46e5961d1f2afcfc2888ef15a2fc319af3d00,54935252b8e6dee47fb05fb23d8380a3a5ce67bf,data/captures/sites/127_0_0_1_56715_20260529_194935/layer1.html,archived_unique_ignored_capture
data/captures/sites/127_0_0_1_56804_20260529_195015/layer1.html,361,f30c4780209a99434a97ec5605bef376abeb652c352ab3a508447df023d3ab83,2c1e1955e33c31ea47c05072e95f4da539e8203d,data/captures/sites/127_0_0_1_56804_20260529_195015/layer1.html,archived_unique_ignored_capture
data/captures/sites/127_0_0_1_56827_20260529_195023/layer1.html,209,8d01a8e5400a093625429fe59cf46e5961d1f2afcfc2888ef15a2fc319af3d00,54935252b8e6dee47fb05fb23d8380a3a5ce67bf,data/captures/sites/127_0_0_1_56827_20260529_195023/layer1.html,archived_unique_ignored_capture
data/captures/sites/127_0_0_1_56884_20260605_162433/layer1.html,361,f30c4780209a99434a97ec5605bef376abeb652c352ab3a508447df023d3ab83,2c1e1955e33c31ea47c05072e95f4da539e8203d,data/captures/sites/127_0_0_1_56884_20260605_162433/layer1.html,archived_unique_ignored_capture
data/captures/sites/127_0_0_1_56923_20260605_162441/layer1.html,209,8d01a8e5400a093625429fe59cf46e5961d1f2afcfc2888ef15a2fc319af3d00,54935252b8e6dee47fb05fb23d8380a3a5ce67bf,data/captures/sites/127_0_0_1_56923_20260605_162441/layer1.html,archived_unique_ignored_capture
data/captures/sites/127_0_0_1_56983_20260529_232356/layer1.html,361,f30c4780209a99434a97ec5605bef376abeb652c352ab3a508447df023d3ab83,2c1e1955e33c31ea47c05072e95f4da539e8203d,data/captures/sites/127_0_0_1_56983_20260529_232356/layer1.html,archived_unique_ignored_capture
data/captures/sites/127_0_0_1_56996_20260529_232403/layer1.html,209,8d01a8e5400a093625429fe59cf46e5961d1f2afcfc2888ef15a2fc319af3d00,54935252b8e6dee47fb05fb23d8380a3a5ce67bf,data/captures/sites/127_0_0_1_56996_20260529_232403/layer1.html,archived_unique_ignored_capture
data/captures/sites/127_0_0_1_57000_20260529_153006/layer1.html,361,f30c4780209a99434a97ec5605bef376abeb652c352ab3a508447df023d3ab83,2c1e1955e33c31ea47c05072e95f4da539e8203d,data/captures/sites/127_0_0_1_57000_20260529_153006/layer1.html,archived_unique_ignored_capture
data/captures/sites/127_0_0_1_57066_20260529_153026/layer1.html,361,f30c4780209a99434a97ec5605bef376abeb652c352ab3a508447df023d3ab83,2c1e1955e33c31ea47c05072e95f4da539e8203d,data/captures/sites/127_0_0_1_57066_20260529_153026/layer1.html,archived_unique_ignored_capture
data/captures/sites/127_0_0_1_57163_20260529_173446/layer1.html,361,f30c4780209a99434a97ec5605bef376abeb652c352ab3a508447df023d3ab83,2c1e1955e33c31ea47c05072e95f4da539e8203d,data/captures/sites/127_0_0_1_57163_20260529_173446/layer1.html,archived_unique_ignored_capture
data/captures/sites/127_0_0_1_57195_20260529_173454/layer1.html,209,8d01a8e5400a093625429fe59cf46e5961d1f2afcfc2888ef15a2fc319af3d00,54935252b8e6dee47fb05fb23d8380a3a5ce67bf,data/captures/sites/127_0_0_1_57195_20260529_173454/layer1.html,archived_unique_ignored_capture
data/captures/sites/127_0_0_1_57235_20260529_153253/layer1.html,361,f30c4780209a99434a97ec5605bef376abeb652c352ab3a508447df023d3ab83,2c1e1955e33c31ea47c05072e95f4da539e8203d,data/captures/sites/127_0_0_1_57235_20260529_153253/layer1.html,archived_unique_ignored_capture
data/captures/sites/127_0_0_1_57244_20260529_173533/layer1.html,361,f30c4780209a99434a97ec5605bef376abeb652c352ab3a508447df023d3ab83,2c1e1955e33c31ea47c05072e95f4da539e8203d,data/captures/sites/127_0_0_1_57244_20260529_173533/layer1.html,archived_unique_ignored_capture
data/captures/sites/127_0_0_1_57271_20260529_173540/layer1.html,209,8d01a8e5400a093625429fe59cf46e5961d1f2afcfc2888ef15a2fc319af3d00,54935252b8e6dee47fb05fb23d8380a3a5ce67bf,data/captures/sites/127_0_0_1_57271_20260529_173540/layer1.html,archived_unique_ignored_capture
data/captures/sites/127_0_0_1_57295_20260529_153320/layer1.html,361,f30c4780209a99434a97ec5605bef376abeb652c352ab3a508447df023d3ab83,2c1e1955e33c31ea47c05072e95f4da539e8203d,data/captures/sites/127_0_0_1_57295_20260529_153320/layer1.html,archived_unique_ignored_capture
data/captures/sites/127_0_0_1_57347_20260529_195936/layer1.html,361,f30c4780209a99434a97ec5605bef376abeb652c352ab3a508447df023d3ab83,2c1e1955e33c31ea47c05072e95f4da539e8203d,data/captures/sites/127_0_0_1_57347_20260529_195936/layer1.html,archived_unique_ignored_capture
data/captures/sites/127_0_0_1_57377_20260529_195943/layer1.html,209,8d01a8e5400a093625429fe59cf46e5961d1f2afcfc2888ef15a2fc319af3d00,54935252b8e6dee47fb05fb23d8380a3a5ce67bf,data/captures/sites/127_0_0_1_57377_20260529_195943/layer1.html,archived_unique_ignored_capture
data/captures/sites/127_0_0_1_57469_20260529_153524/layer1.html,361,f30c4780209a99434a97ec5605bef376abeb652c352ab3a508447df023d3ab83,2c1e1955e33c31ea47c05072e95f4da539e8203d,data/captures/sites/127_0_0_1_57469_20260529_153524/layer1.html,archived_unique_ignored_capture
data/captures/sites/127_0_0_1_57556_20260529_153611/layer1.html,361,f30c4780209a99434a97ec5605bef376abeb652c352ab3a508447df023d3ab83,2c1e1955e33c31ea47c05072e95f4da539e8203d,data/captures/sites/127_0_0_1_57556_20260529_153611/layer1.html,archived_unique_ignored_capture
data/captures/sites/127_0_0_1_57620_20260529_153633/layer1.html,361,f30c4780209a99434a97ec5605bef376abeb652c352ab3a508447df023d3ab83,2c1e1955e33c31ea47c05072e95f4da539e8203d,data/captures/sites/127_0_0_1_57620_20260529_153633/layer1.html,archived_unique_ignored_capture
data/captures/sites/127_0_0_1_57712_20260529_153739/layer1.html,361,f30c4780209a99434a97ec5605bef376abeb652c352ab3a508447df023d3ab83,2c1e1955e33c31ea47c05072e95f4da539e8203d,data/captures/sites/127_0_0_1_57712_20260529_153739/layer1.html,archived_unique_ignored_capture
data/captures/sites/127_0_0_1_57794_20260529_200452/layer1.html,361,f30c4780209a99434a97ec5605bef376abeb652c352ab3a508447df023d3ab83,2c1e1955e33c31ea47c05072e95f4da539e8203d,data/captures/sites/127_0_0_1_57794_20260529_200452/layer1.html,archived_unique_ignored_capture
data/captures/sites/127_0_0_1_57813_20260529_200500/layer1.html,209,8d01a8e5400a093625429fe59cf46e5961d1f2afcfc2888ef15a2fc319af3d00,54935252b8e6dee47fb05fb23d8380a3a5ce67bf,data/captures/sites/127_0_0_1_57813_20260529_200500/layer1.html,archived_unique_ignored_capture
data/captures/sites/127_0_0_1_57869_20260529_153946/layer1.html,361,f30c4780209a99434a97ec5605bef376abeb652c352ab3a508447df023d3ab83,2c1e1955e33c31ea47c05072e95f4da539e8203d,data/captures/sites/127_0_0_1_57869_20260529_153946/layer1.html,archived_unique_ignored_capture
data/captures/sites/127_0_0_1_57883_20260529_200534/layer1.html,361,f30c4780209a99434a97ec5605bef376abeb652c352ab3a508447df023d3ab83,2c1e1955e33c31ea47c05072e95f4da539e8203d,data/captures/sites/127_0_0_1_57883_20260529_200534/layer1.html,archived_unique_ignored_capture
data/captures/sites/127_0_0_1_57905_20260529_200542/layer1.html,209,8d01a8e5400a093625429fe59cf46e5961d1f2afcfc2888ef15a2fc319af3d00,54935252b8e6dee47fb05fb23d8380a3a5ce67bf,data/captures/sites/127_0_0_1_57905_20260529_200542/layer1.html,archived_unique_ignored_capture
data/captures/sites/127_0_0_1_57958_20260529_233622/layer1.html,361,f30c4780209a99434a97ec5605bef376abeb652c352ab3a508447df023d3ab83,2c1e1955e33c31ea47c05072e95f4da539e8203d,data/captures/sites/127_0_0_1_57958_20260529_233622/layer1.html,archived_unique_ignored_capture
data/captures/sites/127_0_0_1_57979_20260529_233630/layer1.html,209,8d01a8e5400a093625429fe59cf46e5961d1f2afcfc2888ef15a2fc319af3d00,54935252b8e6dee47fb05fb23d8380a3a5ce67bf,data/captures/sites/127_0_0_1_57979_20260529_233630/layer1.html,archived_unique_ignored_capture
data/captures/sites/127_0_0_1_58095_20260529_154153/layer1.html,361,f30c4780209a99434a97ec5605bef376abeb652c352ab3a508447df023d3ab83,2c1e1955e33c31ea47c05072e95f4da539e8203d,data/captures/sites/127_0_0_1_58095_20260529_154153/layer1.html,archived_unique_ignored_capture
data/captures/sites/127_0_0_1_58164_20260529_154216/layer1.html,361,f30c4780209a99434a97ec5605bef376abeb652c352ab3a508447df023d3ab83,2c1e1955e33c31ea47c05072e95f4da539e8203d,data/captures/sites/127_0_0_1_58164_20260529_154216/layer1.html,archived_unique_ignored_capture
data/captures/sites/127_0_0_1_58210_20260529_201028/layer1.html,361,f30c4780209a99434a97ec5605bef376abeb652c352ab3a508447df023d3ab83,2c1e1955e33c31ea47c05072e95f4da539e8203d,data/captures/sites/127_0_0_1_58210_20260529_201028/layer1.html,archived_unique_ignored_capture
data/captures/sites/127_0_0_1_58226_20260529_201035/layer1.html,209,8d01a8e5400a093625429fe59cf46e5961d1f2afcfc2888ef15a2fc319af3d00,54935252b8e6dee47fb05fb23d8380a3a5ce67bf,data/captures/sites/127_0_0_1_58226_20260529_201035/layer1.html,archived_unique_ignored_capture
data/captures/sites/127_0_0_1_58260_20260529_174229/layer1.html,361,f30c4780209a99434a97ec5605bef376abeb652c352ab3a508447df023d3ab83,2c1e1955e33c31ea47c05072e95f4da539e8203d,data/captures/sites/127_0_0_1_58260_20260529_174229/layer1.html,archived_unique_ignored_capture
data/captures/sites/127_0_0_1_58288_20260529_174237/layer1.html,209,8d01a8e5400a093625429fe59cf46e5961d1f2afcfc2888ef15a2fc319af3d00,54935252b8e6dee47fb05fb23d8380a3a5ce67bf,data/captures/sites/127_0_0_1_58288_20260529_174237/layer1.html,archived_unique_ignored_capture
data/captures/sites/127_0_0_1_58291_20260529_154413/layer1.html,361,f30c4780209a99434a97ec5605bef376abeb652c352ab3a508447df023d3ab83,2c1e1955e33c31ea47c05072e95f4da539e8203d,data/captures/sites/127_0_0_1_58291_20260529_154413/layer1.html,archived_unique_ignored_capture
data/captures/sites/127_0_0_1_58306_20260529_201112/layer1.html,361,f30c4780209a99434a97ec5605bef376abeb652c352ab3a508447df023d3ab83,2c1e1955e33c31ea47c05072e95f4da539e8203d,data/captures/sites/127_0_0_1_58306_20260529_201112/layer1.html,archived_unique_ignored_capture
data/captures/sites/127_0_0_1_58325_20260529_201120/layer1.html,209,8d01a8e5400a093625429fe59cf46e5961d1f2afcfc2888ef15a2fc319af3d00,54935252b8e6dee47fb05fb23d8380a3a5ce67bf,data/captures/sites/127_0_0_1_58325_20260529_201120/layer1.html,archived_unique_ignored_capture
data/captures/sites/127_0_0_1_58341_20260529_174314/layer1.html,361,f30c4780209a99434a97ec5605bef376abeb652c352ab3a508447df023d3ab83,2c1e1955e33c31ea47c05072e95f4da539e8203d,data/captures/sites/127_0_0_1_58341_20260529_174314/layer1.html,archived_unique_ignored_capture
data/captures/sites/127_0_0_1_58369_20260529_174322/layer1.html,209,8d01a8e5400a093625429fe59cf46e5961d1f2afcfc2888ef15a2fc319af3d00,54935252b8e6dee47fb05fb23d8380a3a5ce67bf,data/captures/sites/127_0_0_1_58369_20260529_174322/layer1.html,archived_unique_ignored_capture
data/captures/sites/127_0_0_1_58704_20260529_234523/layer1.html,361,f30c4780209a99434a97ec5605bef376abeb652c352ab3a508447df023d3ab83,2c1e1955e33c31ea47c05072e95f4da539e8203d,data/captures/sites/127_0_0_1_58704_20260529_234523/layer1.html,archived_unique_ignored_capture
data/captures/sites/127_0_0_1_58721_20260529_234531/layer1.html,209,8d01a8e5400a093625429fe59cf46e5961d1f2afcfc2888ef15a2fc319af3d00,54935252b8e6dee47fb05fb23d8380a3a5ce67bf,data/captures/sites/127_0_0_1_58721_20260529_234531/layer1.html,archived_unique_ignored_capture
data/captures/sites/127_0_0_1_58755_20260529_201825/layer1.html,361,f30c4780209a99434a97ec5605bef376abeb652c352ab3a508447df023d3ab83,2c1e1955e33c31ea47c05072e95f4da539e8203d,data/captures/sites/127_0_0_1_58755_20260529_201825/layer1.html,archived_unique_ignored_capture
data/captures/sites/127_0_0_1_58789_20260529_201832/layer1.html,209,8d01a8e5400a093625429fe59cf46e5961d1f2afcfc2888ef15a2fc319af3d00,54935252b8e6dee47fb05fb23d8380a3a5ce67bf,data/captures/sites/127_0_0_1_58789_20260529_201832/layer1.html,archived_unique_ignored_capture
data/captures/sites/127_0_0_1_58816_20260529_175015/layer1.html,361,f30c4780209a99434a97ec5605bef376abeb652c352ab3a508447df023d3ab83,2c1e1955e33c31ea47c05072e95f4da539e8203d,data/captures/sites/127_0_0_1_58816_20260529_175015/layer1.html,archived_unique_ignored_capture
data/captures/sites/127_0_0_1_58848_20260529_175022/layer1.html,209,8d01a8e5400a093625429fe59cf46e5961d1f2afcfc2888ef15a2fc319af3d00,54935252b8e6dee47fb05fb23d8380a3a5ce67bf,data/captures/sites/127_0_0_1_58848_20260529_175022/layer1.html,archived_unique_ignored_capture
data/captures/sites/127_0_0_1_58895_20260529_175059/layer1.html,361,f30c4780209a99434a97ec5605bef376abeb652c352ab3a508447df023d3ab83,2c1e1955e33c31ea47c05072e95f4da539e8203d,data/captures/sites/127_0_0_1_58895_20260529_175059/layer1.html,archived_unique_ignored_capture
data/captures/sites/127_0_0_1_58920_20260529_175107/layer1.html,209,8d01a8e5400a093625429fe59cf46e5961d1f2afcfc2888ef15a2fc319af3d00,54935252b8e6dee47fb05fb23d8380a3a5ce67bf,data/captures/sites/127_0_0_1_58920_20260529_175107/layer1.html,archived_unique_ignored_capture
data/captures/sites/127_0_0_1_59203_20260529_202356/layer1.html,361,f30c4780209a99434a97ec5605bef376abeb652c352ab3a508447df023d3ab83,2c1e1955e33c31ea47c05072e95f4da539e8203d,data/captures/sites/127_0_0_1_59203_20260529_202356/layer1.html,archived_unique_ignored_capture
data/captures/sites/127_0_0_1_59237_20260529_202404/layer1.html,209,8d01a8e5400a093625429fe59cf46e5961d1f2afcfc2888ef15a2fc319af3d00,54935252b8e6dee47fb05fb23d8380a3a5ce67bf,data/captures/sites/127_0_0_1_59237_20260529_202404/layer1.html,archived_unique_ignored_capture
data/captures/sites/127_0_0_1_59375_20260529_175617/layer1.html,361,f30c4780209a99434a97ec5605bef376abeb652c352ab3a508447df023d3ab83,2c1e1955e33c31ea47c05072e95f4da539e8203d,data/captures/sites/127_0_0_1_59375_20260529_175617/layer1.html,archived_unique_ignored_capture
data/captures/sites/127_0_0_1_59402_20260529_175625/layer1.html,209,8d01a8e5400a093625429fe59cf46e5961d1f2afcfc2888ef15a2fc319af3d00,54935252b8e6dee47fb05fb23d8380a3a5ce67bf,data/captures/sites/127_0_0_1_59402_20260529_175625/layer1.html,archived_unique_ignored_capture
data/captures/sites/127_0_0_1_59420_20260529_235408/layer1.html,361,f30c4780209a99434a97ec5605bef376abeb652c352ab3a508447df023d3ab83,2c1e1955e33c31ea47c05072e95f4da539e8203d,data/captures/sites/127_0_0_1_59420_20260529_235408/layer1.html,archived_unique_ignored_capture
data/captures/sites/127_0_0_1_59444_20260529_235415/layer1.html,209,8d01a8e5400a093625429fe59cf46e5961d1f2afcfc2888ef15a2fc319af3d00,54935252b8e6dee47fb05fb23d8380a3a5ce67bf,data/captures/sites/127_0_0_1_59444_20260529_235415/layer1.html,archived_unique_ignored_capture
data/captures/sites/127_0_0_1_59479_20260529_175656/layer1.html,361,f30c4780209a99434a97ec5605bef376abeb652c352ab3a508447df023d3ab83,2c1e1955e33c31ea47c05072e95f4da539e8203d,data/captures/sites/127_0_0_1_59479_20260529_175656/layer1.html,archived_unique_ignored_capture
data/captures/sites/127_0_0_1_59505_20260529_175704/layer1.html,209,8d01a8e5400a093625429fe59cf46e5961d1f2afcfc2888ef15a2fc319af3d00,54935252b8e6dee47fb05fb23d8380a3a5ce67bf,data/captures/sites/127_0_0_1_59505_20260529_175704/layer1.html,archived_unique_ignored_capture
data/captures/sites/127_0_0_1_59633_20260529_203005/layer1.html,361,f30c4780209a99434a97ec5605bef376abeb652c352ab3a508447df023d3ab83,2c1e1955e33c31ea47c05072e95f4da539e8203d,data/captures/sites/127_0_0_1_59633_20260529_203005/layer1.html,archived_unique_ignored_capture
data/captures/sites/127_0_0_1_59668_20260529_203012/layer1.html,209,8d01a8e5400a093625429fe59cf46e5961d1f2afcfc2888ef15a2fc319af3d00,54935252b8e6dee47fb05fb23d8380a3a5ce67bf,data/captures/sites/127_0_0_1_59668_20260529_203012/layer1.html,archived_unique_ignored_capture
data/captures/sites/127_0_0_1_59891_20260529_180222/layer1.html,361,f30c4780209a99434a97ec5605bef376abeb652c352ab3a508447df023d3ab83,2c1e1955e33c31ea47c05072e95f4da539e8203d,data/captures/sites/127_0_0_1_59891_20260529_180222/layer1.html,archived_unique_ignored_capture
data/captures/sites/127_0_0_1_59922_20260529_203507/layer1.html,361,f30c4780209a99434a97ec5605bef376abeb652c352ab3a508447df023d3ab83,2c1e1955e33c31ea47c05072e95f4da539e8203d,data/captures/sites/127_0_0_1_59922_20260529_203507/layer1.html,archived_unique_ignored_capture
data/captures/sites/127_0_0_1_59928_20260529_180230/layer1.html,209,8d01a8e5400a093625429fe59cf46e5961d1f2afcfc2888ef15a2fc319af3d00,54935252b8e6dee47fb05fb23d8380a3a5ce67bf,data/captures/sites/127_0_0_1_59928_20260529_180230/layer1.html,archived_unique_ignored_capture
data/captures/sites/127_0_0_1_59956_20260529_203515/layer1.html,209,8d01a8e5400a093625429fe59cf46e5961d1f2afcfc2888ef15a2fc319af3d00,54935252b8e6dee47fb05fb23d8380a3a5ce67bf,data/captures/sites/127_0_0_1_59956_20260529_203515/layer1.html,archived_unique_ignored_capture
data/captures/sites/127_0_0_1_59969_20260529_180303/layer1.html,361,f30c4780209a99434a97ec5605bef376abeb652c352ab3a508447df023d3ab83,2c1e1955e33c31ea47c05072e95f4da539e8203d,data/captures/sites/127_0_0_1_59969_20260529_180303/layer1.html,archived_unique_ignored_capture
data/captures/sites/127_0_0_1_59996_20260529_180310/layer1.html,209,8d01a8e5400a093625429fe59cf46e5961d1f2afcfc2888ef15a2fc319af3d00,54935252b8e6dee47fb05fb23d8380a3a5ce67bf,data/captures/sites/127_0_0_1_59996_20260529_180310/layer1.html,archived_unique_ignored_capture
data/captures/sites/127_0_0_1_60217_20260530_000439/layer1.html,361,f30c4780209a99434a97ec5605bef376abeb652c352ab3a508447df023d3ab83,2c1e1955e33c31ea47c05072e95f4da539e8203d,data/captures/sites/127_0_0_1_60217_20260530_000439/layer1.html,archived_unique_ignored_capture
data/captures/sites/127_0_0_1_60254_20260530_000447/layer1.html,209,8d01a8e5400a093625429fe59cf46e5961d1f2afcfc2888ef15a2fc319af3d00,54935252b8e6dee47fb05fb23d8380a3a5ce67bf,data/captures/sites/127_0_0_1_60254_20260530_000447/layer1.html,archived_unique_ignored_capture
data/captures/sites/127_0_0_1_60320_20260529_204129/layer1.html,361,f30c4780209a99434a97ec5605bef376abeb652c352ab3a508447df023d3ab83,2c1e1955e33c31ea47c05072e95f4da539e8203d,data/captures/sites/127_0_0_1_60320_20260529_204129/layer1.html,archived_unique_ignored_capture
data/captures/sites/127_0_0_1_60344_20260529_180713/layer1.html,361,f30c4780209a99434a97ec5605bef376abeb652c352ab3a508447df023d3ab83,2c1e1955e33c31ea47c05072e95f4da539e8203d,data/captures/sites/127_0_0_1_60344_20260529_180713/layer1.html,archived_unique_ignored_capture
data/captures/sites/127_0_0_1_60356_20260529_204137/layer1.html,209,8d01a8e5400a093625429fe59cf46e5961d1f2afcfc2888ef15a2fc319af3d00,54935252b8e6dee47fb05fb23d8380a3a5ce67bf,data/captures/sites/127_0_0_1_60356_20260529_204137/layer1.html,archived_unique_ignored_capture
data/captures/sites/127_0_0_1_60373_20260529_180721/layer1.html,209,8d01a8e5400a093625429fe59cf46e5961d1f2afcfc2888ef15a2fc319af3d00,54935252b8e6dee47fb05fb23d8380a3a5ce67bf,data/captures/sites/127_0_0_1_60373_20260529_180721/layer1.html,archived_unique_ignored_capture
data/captures/sites/127_0_0_1_60414_20260529_180752/layer1.html,361,f30c4780209a99434a97ec5605bef376abeb652c352ab3a508447df023d3ab83,2c1e1955e33c31ea47c05072e95f4da539e8203d,data/captures/sites/127_0_0_1_60414_20260529_180752/layer1.html,archived_unique_ignored_capture
data/captures/sites/127_0_0_1_60443_20260529_180759/layer1.html,209,8d01a8e5400a093625429fe59cf46e5961d1f2afcfc2888ef15a2fc319af3d00,54935252b8e6dee47fb05fb23d8380a3a5ce67bf,data/captures/sites/127_0_0_1_60443_20260529_180759/layer1.html,archived_unique_ignored_capture
data/captures/sites/127_0_0_1_60813_20260529_181227/layer1.html,361,f30c4780209a99434a97ec5605bef376abeb652c352ab3a508447df023d3ab83,2c1e1955e33c31ea47c05072e95f4da539e8203d,data/captures/sites/127_0_0_1_60813_20260529_181227/layer1.html,archived_unique_ignored_capture
data/captures/sites/127_0_0_1_60843_20260608_152855/layer1.html,361,f30c4780209a99434a97ec5605bef376abeb652c352ab3a508447df023d3ab83,2c1e1955e33c31ea47c05072e95f4da539e8203d,data/captures/sites/127_0_0_1_60843_20260608_152855/layer1.html,archived_unique_ignored_capture
data/captures/sites/127_0_0_1_60849_20260529_181234/layer1.html,209,8d01a8e5400a093625429fe59cf46e5961d1f2afcfc2888ef15a2fc319af3d00,54935252b8e6dee47fb05fb23d8380a3a5ce67bf,data/captures/sites/127_0_0_1_60849_20260529_181234/layer1.html,archived_unique_ignored_capture
data/captures/sites/127_0_0_1_60859_20260608_152903/layer1.html,209,8d01a8e5400a093625429fe59cf46e5961d1f2afcfc2888ef15a2fc319af3d00,54935252b8e6dee47fb05fb23d8380a3a5ce67bf,data/captures/sites/127_0_0_1_60859_20260608_152903/layer1.html,archived_unique_ignored_capture
data/captures/sites/127_0_0_1_60891_20260529_181310/layer1.html,361,f30c4780209a99434a97ec5605bef376abeb652c352ab3a508447df023d3ab83,2c1e1955e33c31ea47c05072e95f4da539e8203d,data/captures/sites/127_0_0_1_60891_20260529_181310/layer1.html,archived_unique_ignored_capture
data/captures/sites/127_0_0_1_60912_20260529_204914/layer1.html,361,f30c4780209a99434a97ec5605bef376abeb652c352ab3a508447df023d3ab83,2c1e1955e33c31ea47c05072e95f4da539e8203d,data/captures/sites/127_0_0_1_60912_20260529_204914/layer1.html,archived_unique_ignored_capture
data/captures/sites/127_0_0_1_60921_20260529_181317/layer1.html,209,8d01a8e5400a093625429fe59cf46e5961d1f2afcfc2888ef15a2fc319af3d00,54935252b8e6dee47fb05fb23d8380a3a5ce67bf,data/captures/sites/127_0_0_1_60921_20260529_181317/layer1.html,archived_unique_ignored_capture
data/captures/sites/127_0_0_1_60928_20260529_204922/layer1.html,209,8d01a8e5400a093625429fe59cf46e5961d1f2afcfc2888ef15a2fc319af3d00,54935252b8e6dee47fb05fb23d8380a3a5ce67bf,data/captures/sites/127_0_0_1_60928_20260529_204922/layer1.html,archived_unique_ignored_capture
data/captures/sites/127_0_0_1_61129_20260609_023048/layer1.html,361,f30c4780209a99434a97ec5605bef376abeb652c352ab3a508447df023d3ab83,2c1e1955e33c31ea47c05072e95f4da539e8203d,data/captures/sites/127_0_0_1_61129_20260609_023048/layer1.html,archived_unique_ignored_capture
data/captures/sites/127_0_0_1_61140_20260609_023055/layer1.html,209,8d01a8e5400a093625429fe59cf46e5961d1f2afcfc2888ef15a2fc319af3d00,54935252b8e6dee47fb05fb23d8380a3a5ce67bf,data/captures/sites/127_0_0_1_61140_20260609_023055/layer1.html,archived_unique_ignored_capture
data/captures/sites/127_0_0_1_61311_20260529_205322/layer1.html,361,f30c4780209a99434a97ec5605bef376abeb652c352ab3a508447df023d3ab83,2c1e1955e33c31ea47c05072e95f4da539e8203d,data/captures/sites/127_0_0_1_61311_20260529_205322/layer1.html,archived_unique_ignored_capture
data/captures/sites/127_0_0_1_61325_20260529_205329/layer1.html,209,8d01a8e5400a093625429fe59cf46e5961d1f2afcfc2888ef15a2fc319af3d00,54935252b8e6dee47fb05fb23d8380a3a5ce67bf,data/captures/sites/127_0_0_1_61325_20260529_205329/layer1.html,archived_unique_ignored_capture
data/captures/sites/127_0_0_1_61452_20260529_181837/layer1.html,361,f30c4780209a99434a97ec5605bef376abeb652c352ab3a508447df023d3ab83,2c1e1955e33c31ea47c05072e95f4da539e8203d,data/captures/sites/127_0_0_1_61452_20260529_181837/layer1.html,archived_unique_ignored_capture
data/captures/sites/127_0_0_1_61490_20260529_181845/layer1.html,209,8d01a8e5400a093625429fe59cf46e5961d1f2afcfc2888ef15a2fc319af3d00,54935252b8e6dee47fb05fb23d8380a3a5ce67bf,data/captures/sites/127_0_0_1_61490_20260529_181845/layer1.html,archived_unique_ignored_capture
data/captures/sites/127_0_0_1_61532_20260529_181917/layer1.html,361,f30c4780209a99434a97ec5605bef376abeb652c352ab3a508447df023d3ab83,2c1e1955e33c31ea47c05072e95f4da539e8203d,data/captures/sites/127_0_0_1_61532_20260529_181917/layer1.html,archived_unique_ignored_capture
data/captures/sites/127_0_0_1_61559_20260529_181924/layer1.html,209,8d01a8e5400a093625429fe59cf46e5961d1f2afcfc2888ef15a2fc319af3d00,54935252b8e6dee47fb05fb23d8380a3a5ce67bf,data/captures/sites/127_0_0_1_61559_20260529_181924/layer1.html,archived_unique_ignored_capture
data/captures/sites/127_0_0_1_61679_20260529_205728/layer1.html,361,f30c4780209a99434a97ec5605bef376abeb652c352ab3a508447df023d3ab83,2c1e1955e33c31ea47c05072e95f4da539e8203d,data/captures/sites/127_0_0_1_61679_20260529_205728/layer1.html,archived_unique_ignored_capture
data/captures/sites/127_0_0_1_61697_20260529_205735/layer1.html,209,8d01a8e5400a093625429fe59cf46e5961d1f2afcfc2888ef15a2fc319af3d00,54935252b8e6dee47fb05fb23d8380a3a5ce67bf,data/captures/sites/127_0_0_1_61697_20260529_205735/layer1.html,archived_unique_ignored_capture
data/captures/sites/127_0_0_1_61794_20260529_182400/layer1.html,361,f30c4780209a99434a97ec5605bef376abeb652c352ab3a508447df023d3ab83,2c1e1955e33c31ea47c05072e95f4da539e8203d,data/captures/sites/127_0_0_1_61794_20260529_182400/layer1.html,archived_unique_ignored_capture
data/captures/sites/127_0_0_1_61828_20260529_182408/layer1.html,209,8d01a8e5400a093625429fe59cf46e5961d1f2afcfc2888ef15a2fc319af3d00,54935252b8e6dee47fb05fb23d8380a3a5ce67bf,data/captures/sites/127_0_0_1_61828_20260529_182408/layer1.html,archived_unique_ignored_capture
data/captures/sites/127_0_0_1_62041_20260529_210143/layer1.html,361,f30c4780209a99434a97ec5605bef376abeb652c352ab3a508447df023d3ab83,2c1e1955e33c31ea47c05072e95f4da539e8203d,data/captures/sites/127_0_0_1_62041_20260529_210143/layer1.html,archived_unique_ignored_capture
data/captures/sites/127_0_0_1_62055_20260529_210150/layer1.html,209,8d01a8e5400a093625429fe59cf46e5961d1f2afcfc2888ef15a2fc319af3d00,54935252b8e6dee47fb05fb23d8380a3a5ce67bf,data/captures/sites/127_0_0_1_62055_20260529_210150/layer1.html,archived_unique_ignored_capture
data/captures/sites/127_0_0_1_62057_20260529_155524/layer1.html,361,f30c4780209a99434a97ec5605bef376abeb652c352ab3a508447df023d3ab83,2c1e1955e33c31ea47c05072e95f4da539e8203d,data/captures/sites/127_0_0_1_62057_20260529_155524/layer1.html,archived_unique_ignored_capture
data/captures/sites/127_0_0_1_62123_20260529_155553/layer1.html,361,f30c4780209a99434a97ec5605bef376abeb652c352ab3a508447df023d3ab83,2c1e1955e33c31ea47c05072e95f4da539e8203d,data/captures/sites/127_0_0_1_62123_20260529_155553/layer1.html,archived_unique_ignored_capture
data/captures/sites/127_0_0_1_62178_20260529_155615/layer1.html,361,f30c4780209a99434a97ec5605bef376abeb652c352ab3a508447df023d3ab83,2c1e1955e33c31ea47c05072e95f4da539e8203d,data/captures/sites/127_0_0_1_62178_20260529_155615/layer1.html,archived_unique_ignored_capture
data/captures/sites/127_0_0_1_62221_20260529_182706/layer1.html,361,f30c4780209a99434a97ec5605bef376abeb652c352ab3a508447df023d3ab83,2c1e1955e33c31ea47c05072e95f4da539e8203d,data/captures/sites/127_0_0_1_62221_20260529_182706/layer1.html,archived_unique_ignored_capture
data/captures/sites/127_0_0_1_62256_20260529_182714/layer1.html,209,8d01a8e5400a093625429fe59cf46e5961d1f2afcfc2888ef15a2fc319af3d00,54935252b8e6dee47fb05fb23d8380a3a5ce67bf,data/captures/sites/127_0_0_1_62256_20260529_182714/layer1.html,archived_unique_ignored_capture
data/captures/sites/127_0_0_1_62260_20260529_155644/layer1.html,361,f30c4780209a99434a97ec5605bef376abeb652c352ab3a508447df023d3ab83,2c1e1955e33c31ea47c05072e95f4da539e8203d,data/captures/sites/127_0_0_1_62260_20260529_155644/layer1.html,archived_unique_ignored_capture
data/captures/sites/127_0_0_1_62333_20260529_182754/layer1.html,361,f30c4780209a99434a97ec5605bef376abeb652c352ab3a508447df023d3ab83,2c1e1955e33c31ea47c05072e95f4da539e8203d,data/captures/sites/127_0_0_1_62333_20260529_182754/layer1.html,archived_unique_ignored_capture
data/captures/sites/127_0_0_1_62371_20260529_182802/layer1.html,209,8d01a8e5400a093625429fe59cf46e5961d1f2afcfc2888ef15a2fc319af3d00,54935252b8e6dee47fb05fb23d8380a3a5ce67bf,data/captures/sites/127_0_0_1_62371_20260529_182802/layer1.html,archived_unique_ignored_capture
data/captures/sites/127_0_0_1_62428_20260529_155748/layer1.html,361,f30c4780209a99434a97ec5605bef376abeb652c352ab3a508447df023d3ab83,2c1e1955e33c31ea47c05072e95f4da539e8203d,data/captures/sites/127_0_0_1_62428_20260529_155748/layer1.html,archived_unique_ignored_capture
data/captures/sites/127_0_0_1_62617_20260529_210825/layer1.html,361,f30c4780209a99434a97ec5605bef376abeb652c352ab3a508447df023d3ab83,2c1e1955e33c31ea47c05072e95f4da539e8203d,data/captures/sites/127_0_0_1_62617_20260529_210825/layer1.html,archived_unique_ignored_capture
data/captures/sites/127_0_0_1_62630_20260529_210833/layer1.html,209,8d01a8e5400a093625429fe59cf46e5961d1f2afcfc2888ef15a2fc319af3d00,54935252b8e6dee47fb05fb23d8380a3a5ce67bf,data/captures/sites/127_0_0_1_62630_20260529_210833/layer1.html,archived_unique_ignored_capture
data/captures/sites/127_0_0_1_62738_20260529_160055/layer1.html,361,f30c4780209a99434a97ec5605bef376abeb652c352ab3a508447df023d3ab83,2c1e1955e33c31ea47c05072e95f4da539e8203d,data/captures/sites/127_0_0_1_62738_20260529_160055/layer1.html,archived_unique_ignored_capture
data/captures/sites/127_0_0_1_62927_20260529_183528/layer1.html,361,f30c4780209a99434a97ec5605bef376abeb652c352ab3a508447df023d3ab83,2c1e1955e33c31ea47c05072e95f4da539e8203d,data/captures/sites/127_0_0_1_62927_20260529_183528/layer1.html,archived_unique_ignored_capture
data/captures/sites/127_0_0_1_62960_20260529_183536/layer1.html,209,8d01a8e5400a093625429fe59cf46e5961d1f2afcfc2888ef15a2fc319af3d00,54935252b8e6dee47fb05fb23d8380a3a5ce67bf,data/captures/sites/127_0_0_1_62960_20260529_183536/layer1.html,archived_unique_ignored_capture
data/captures/sites/127_0_0_1_63077_20260529_211414/layer1.html,361,f30c4780209a99434a97ec5605bef376abeb652c352ab3a508447df023d3ab83,2c1e1955e33c31ea47c05072e95f4da539e8203d,data/captures/sites/127_0_0_1_63077_20260529_211414/layer1.html,archived_unique_ignored_capture
data/captures/sites/127_0_0_1_63091_20260529_211421/layer1.html,209,8d01a8e5400a093625429fe59cf46e5961d1f2afcfc2888ef15a2fc319af3d00,54935252b8e6dee47fb05fb23d8380a3a5ce67bf,data/captures/sites/127_0_0_1_63091_20260529_211421/layer1.html,archived_unique_ignored_capture
data/captures/sites/127_0_0_1_63140_20260529_160222/layer1.html,361,f30c4780209a99434a97ec5605bef376abeb652c352ab3a508447df023d3ab83,2c1e1955e33c31ea47c05072e95f4da539e8203d,data/captures/sites/127_0_0_1_63140_20260529_160222/layer1.html,archived_unique_ignored_capture
data/captures/sites/127_0_0_1_63163_20260529_160229/layer1.html,209,8d01a8e5400a093625429fe59cf46e5961d1f2afcfc2888ef15a2fc319af3d00,54935252b8e6dee47fb05fb23d8380a3a5ce67bf,data/captures/sites/127_0_0_1_63163_20260529_160229/layer1.html,archived_unique_ignored_capture
data/captures/sites/127_0_0_1_63211_20260529_160259/layer1.html,361,f30c4780209a99434a97ec5605bef376abeb652c352ab3a508447df023d3ab83,2c1e1955e33c31ea47c05072e95f4da539e8203d,data/captures/sites/127_0_0_1_63211_20260529_160259/layer1.html,archived_unique_ignored_capture
data/captures/sites/127_0_0_1_63233_20260529_160307/layer1.html,209,8d01a8e5400a093625429fe59cf46e5961d1f2afcfc2888ef15a2fc319af3d00,54935252b8e6dee47fb05fb23d8380a3a5ce67bf,data/captures/sites/127_0_0_1_63233_20260529_160307/layer1.html,archived_unique_ignored_capture
data/captures/sites/127_0_0_1_63366_20260529_184102/layer1.html,361,f30c4780209a99434a97ec5605bef376abeb652c352ab3a508447df023d3ab83,2c1e1955e33c31ea47c05072e95f4da539e8203d,data/captures/sites/127_0_0_1_63366_20260529_184102/layer1.html,archived_unique_ignored_capture
data/captures/sites/127_0_0_1_63401_20260529_184109/layer1.html,209,8d01a8e5400a093625429fe59cf46e5961d1f2afcfc2888ef15a2fc319af3d00,54935252b8e6dee47fb05fb23d8380a3a5ce67bf,data/captures/sites/127_0_0_1_63401_20260529_184109/layer1.html,archived_unique_ignored_capture
data/captures/sites/127_0_0_1_63768_20260529_184720/layer1.html,361,f30c4780209a99434a97ec5605bef376abeb652c352ab3a508447df023d3ab83,2c1e1955e33c31ea47c05072e95f4da539e8203d,data/captures/sites/127_0_0_1_63768_20260529_184720/layer1.html,archived_unique_ignored_capture
data/captures/sites/127_0_0_1_63782_20260529_184727/layer1.html,209,8d01a8e5400a093625429fe59cf46e5961d1f2afcfc2888ef15a2fc319af3d00,54935252b8e6dee47fb05fb23d8380a3a5ce67bf,data/captures/sites/127_0_0_1_63782_20260529_184727/layer1.html,archived_unique_ignored_capture
data/captures/sites/127_0_0_1_63949_20260529_160624/layer1.html,361,f30c4780209a99434a97ec5605bef376abeb652c352ab3a508447df023d3ab83,2c1e1955e33c31ea47c05072e95f4da539e8203d,data/captures/sites/127_0_0_1_63949_20260529_160624/layer1.html,archived_unique_ignored_capture
data/captures/sites/127_0_0_1_63971_20260529_160632/layer1.html,209,8d01a8e5400a093625429fe59cf46e5961d1f2afcfc2888ef15a2fc319af3d00,54935252b8e6dee47fb05fb23d8380a3a5ce67bf,data/captures/sites/127_0_0_1_63971_20260529_160632/layer1.html,archived_unique_ignored_capture
data/captures/sites/127_0_0_1_64143_20260529_212637/layer1.html,361,f30c4780209a99434a97ec5605bef376abeb652c352ab3a508447df023d3ab83,2c1e1955e33c31ea47c05072e95f4da539e8203d,data/captures/sites/127_0_0_1_64143_20260529_212637/layer1.html,archived_unique_ignored_capture
data/captures/sites/127_0_0_1_64162_20260529_212645/layer1.html,209,8d01a8e5400a093625429fe59cf46e5961d1f2afcfc2888ef15a2fc319af3d00,54935252b8e6dee47fb05fb23d8380a3a5ce67bf,data/captures/sites/127_0_0_1_64162_20260529_212645/layer1.html,archived_unique_ignored_capture
data/captures/sites/127_0_0_1_64542_20260529_213206/layer1.html,361,f30c4780209a99434a97ec5605bef376abeb652c352ab3a508447df023d3ab83,2c1e1955e33c31ea47c05072e95f4da539e8203d,data/captures/sites/127_0_0_1_64542_20260529_213206/layer1.html,archived_unique_ignored_capture
data/captures/sites/127_0_0_1_64560_20260529_213213/layer1.html,209,8d01a8e5400a093625429fe59cf46e5961d1f2afcfc2888ef15a2fc319af3d00,54935252b8e6dee47fb05fb23d8380a3a5ce67bf,data/captures/sites/127_0_0_1_64560_20260529_213213/layer1.html,archived_unique_ignored_capture
data/captures/sites/127_0_0_1_64771_20260529_185238/layer1.html,361,f30c4780209a99434a97ec5605bef376abeb652c352ab3a508447df023d3ab83,2c1e1955e33c31ea47c05072e95f4da539e8203d,data/captures/sites/127_0_0_1_64771_20260529_185238/layer1.html,archived_unique_ignored_capture
data/captures/sites/127_0_0_1_64785_20260529_185245/layer1.html,209,8d01a8e5400a093625429fe59cf46e5961d1f2afcfc2888ef15a2fc319af3d00,54935252b8e6dee47fb05fb23d8380a3a5ce67bf,data/captures/sites/127_0_0_1_64785_20260529_185245/layer1.html,archived_unique_ignored_capture
data/captures/sites/127_0_0_1_64871_20260529_161103/layer1.html,361,f30c4780209a99434a97ec5605bef376abeb652c352ab3a508447df023d3ab83,2c1e1955e33c31ea47c05072e95f4da539e8203d,data/captures/sites/127_0_0_1_64871_20260529_161103/layer1.html,archived_unique_ignored_capture
data/captures/sites/127_0_0_1_64906_20260529_161110/layer1.html,209,8d01a8e5400a093625429fe59cf46e5961d1f2afcfc2888ef15a2fc319af3d00,54935252b8e6dee47fb05fb23d8380a3a5ce67bf,data/captures/sites/127_0_0_1_64906_20260529_161110/layer1.html,archived_unique_ignored_capture
data/captures/sites/127_0_0_1_64928_20260529_213749/layer1.html,361,f30c4780209a99434a97ec5605bef376abeb652c352ab3a508447df023d3ab83,2c1e1955e33c31ea47c05072e95f4da539e8203d,data/captures/sites/127_0_0_1_64928_20260529_213749/layer1.html,archived_unique_ignored_capture
data/captures/sites/127_0_0_1_64963_20260529_213756/layer1.html,209,8d01a8e5400a093625429fe59cf46e5961d1f2afcfc2888ef15a2fc319af3d00,54935252b8e6dee47fb05fb23d8380a3a5ce67bf,data/captures/sites/127_0_0_1_64963_20260529_213756/layer1.html,archived_unique_ignored_capture
data/captures/sites/127_0_0_1_64967_20260529_161142/layer1.html,361,f30c4780209a99434a97ec5605bef376abeb652c352ab3a508447df023d3ab83,2c1e1955e33c31ea47c05072e95f4da539e8203d,data/captures/sites/127_0_0_1_64967_20260529_161142/layer1.html,archived_unique_ignored_capture
data/captures/sites/127_0_0_1_65005_20260529_161150/layer1.html,209,8d01a8e5400a093625429fe59cf46e5961d1f2afcfc2888ef15a2fc319af3d00,54935252b8e6dee47fb05fb23d8380a3a5ce67bf,data/captures/sites/127_0_0_1_65005_20260529_161150/layer1.html,archived_unique_ignored_capture
data/captures/sites/127_0_0_1_65198_20260529_214049/layer1.html,361,f30c4780209a99434a97ec5605bef376abeb652c352ab3a508447df023d3ab83,2c1e1955e33c31ea47c05072e95f4da539e8203d,data/captures/sites/127_0_0_1_65198_20260529_214049/layer1.html,archived_unique_ignored_capture
data/captures/sites/127_0_0_1_65231_20260529_214056/layer1.html,209,8d01a8e5400a093625429fe59cf46e5961d1f2afcfc2888ef15a2fc319af3d00,54935252b8e6dee47fb05fb23d8380a3a5ce67bf,data/captures/sites/127_0_0_1_65231_20260529_214056/layer1.html,archived_unique_ignored_capture
data/captures/sites/127_0_0_1_65285_20260529_161651/layer1.html,361,f30c4780209a99434a97ec5605bef376abeb652c352ab3a508447df023d3ab83,2c1e1955e33c31ea47c05072e95f4da539e8203d,data/captures/sites/127_0_0_1_65285_20260529_161651/layer1.html,archived_unique_ignored_capture
data/captures/sites/127_0_0_1_65325_20260529_161658/layer1.html,209,8d01a8e5400a093625429fe59cf46e5961d1f2afcfc2888ef15a2fc319af3d00,54935252b8e6dee47fb05fb23d8380a3a5ce67bf,data/captures/sites/127_0_0_1_65325_20260529_161658/layer1.html,archived_unique_ignored_capture
data/captures/sites/127_0_0_1_65375_20260529_161722/layer1.html,361,f30c4780209a99434a97ec5605bef376abeb652c352ab3a508447df023d3ab83,2c1e1955e33c31ea47c05072e95f4da539e8203d,data/captures/sites/127_0_0_1_65375_20260529_161722/layer1.html,archived_unique_ignored_capture
data/captures/sites/127_0_0_1_65410_20260529_161729/layer1.html,209,8d01a8e5400a093625429fe59cf46e5961d1f2afcfc2888ef15a2fc319af3d00,54935252b8e6dee47fb05fb23d8380a3a5ce67bf,data/captures/sites/127_0_0_1_65410_20260529_161729/layer1.html,archived_unique_ignored_capture
data/captures/sites/example_com_20260529_171354/layer1.html,528,ad308e8be313569b5bc7760ce31bd4b73ace6be207c834e1a22d3b0625e764d3,3e7ecb8c10b97ce098456098bd98734ffb2bea0a,data/captures/sites/example_com_20260529_171354/layer1.html,archived_unique_ignored_capture
data/captures/sites/weather_com_20260529_190138/layer1.html,2708701,0f97ae7f894577ef07d7772b20445c51576d217230b2a464d9538b30e7c8c22e,8f788bebac0781195d711b9d7cf61c8777cab2b0,data/captures/sites/weather_com_20260529_190138/layer1.html,archived_unique_ignored_capture
data/captures/sites/weather_com_20260529_190718/layer1.html,2709555,08768ffb0faa45e52347d1eda230ba4742de2bc91ab36b1f1edd45f236b9abdb,1df9db7c155ae0acd6f4461b827b3878db9385fb,data/captures/sites/weather_com_20260529_190718/layer1.html,archived_unique_ignored_capture
data/captures/sites/weather_com_20260529_190849/layer1.html,2709555,08768ffb0faa45e52347d1eda230ba4742de2bc91ab36b1f1edd45f236b9abdb,1df9db7c155ae0acd6f4461b827b3878db9385fb,data/captures/sites/weather_com_20260529_190849/layer1.html,archived_unique_ignored_capture
data/captures/sites/www_airbnb_com_20260529_173756/layer1.html,403937,b0cb53d90f573ac76cefa0cdae2d589876e65460f8d7eb04393236d56d91ce9b,a6f7d1adcfd357832262bea11cd2a5fd35ae7d39,data/captures/sites/www_airbnb_com_20260529_173756/layer1.html,archived_unique_ignored_capture
data/captures/sites/www_airbnb_com_20260529_184932/layer1.html,398634,61e9c4bdd0f5a41186ed3502e50dbdd96268bfc302933ec9ed1aa06eb8924733,417caf95371820d741ee87442bd835299c476a49,data/captures/sites/www_airbnb_com_20260529_184932/layer1.html,archived_unique_ignored_capture
data/captures/sites/www_amazon_com_20260529_173741/layer1.html,32719,9191d8a967fe9bf778854d11185fc39d526a9cd52c844cd8ad874171d539dd5f,34fb40f4d77b2b238bf1859b5d527b29a79829d1,data/captures/sites/www_amazon_com_20260529_173741/layer1.html,archived_unique_ignored_capture
data/captures/sites/www_amazon_com_20260529_184922/layer1.html,940177,9ceee34bdfeb701d193496e6d5154cdf36cfcc1a12797a45fa1aa6c9b45c0365,1c9a89372900aae407b98b1ef6e029a1371fe449,data/captures/sites/www_amazon_com_20260529_184922/layer1.html,archived_unique_ignored_capture
data/captures/sites/www_bbc_com_20260529_154646/layer1.html,455751,e8241bd49e3952b7b4fd7657c3f81c7902a0e5316747647b449a7dc612a169bd,af9144706b4c81526f49b70c250bda0587c47356,data/captures/sites/www_bbc_com_20260529_154646/layer1.html,archived_unique_ignored_capture
data/captures/sites/www_bbc_com_20260529_154901/layer1.html,456969,c9aa47b02f96ed1ba04bd9ba7198b750c728424058ea29f87efb75a7430c442c,febd89edc3ec8a5b27d0e984e65992c549dc4878,data/captures/sites/www_bbc_com_20260529_154901/layer1.html,archived_unique_ignored_capture
data/captures/sites/www_bbc_com_20260529_155146/layer1.html,457751,463af74758e0866222b2f9cfe4b0debca5156e145f051f6f8d7fcc5295ee7187,2b588a7fa237c17f80d101657692ecad50a2baf8,data/captures/sites/www_bbc_com_20260529_155146/layer1.html,archived_unique_ignored_capture
data/captures/sites/www_bbc_com_20260529_160115/layer1.html,457970,0b12c2f9be37d8ab621138021d419fb8f9ff21e708c4b19619cacdc1619dd2bb,b64945b050be5bdd854fee137eb93db5d77a46fb,data/captures/sites/www_bbc_com_20260529_160115/layer1.html,archived_unique_ignored_capture
data/captures/sites/www_bbc_com_20260529_160337/layer1.html,457970,10ad1cfb2088d757ca5d694fbbac8d79b1fda12f6da8b46215cc2d93bee69755,2bf71d6e28428f79f36b1766a3c4096f9e9b8635,data/captures/sites/www_bbc_com_20260529_160337/layer1.html,archived_unique_ignored_capture
data/captures/sites/www_bbc_com_20260529_160656/layer1.html,457970,d863bdc43e575b09a7bfc3e5d9926c1acf9535bcb31b1e2cd3958b13e812a369,dc10216f8635bf16272c613d687e5c8e80aa92b1,data/captures/sites/www_bbc_com_20260529_160656/layer1.html,archived_unique_ignored_capture
data/captures/sites/www_bbc_com_20260529_161000/layer1.html,455656,a405b3c1887cc413ca7b79e236616fab8b08d6905eed9e8e766fc2cd884bbf41,6f08c9288d28a9c6bd3c57ccb86704c4c85fc0ff,data/captures/sites/www_bbc_com_20260529_161000/layer1.html,archived_unique_ignored_capture
data/captures/sites/www_bbc_com_20260529_184907/layer1.html,470289,8c500d41befe2c1132b7bb9a01a2afd1dca8e95774e18546b1b5e07d6c97c04d,2a3d3566e74681f891ba16d1b79c62ccf67e8354,data/captures/sites/www_bbc_com_20260529_184907/layer1.html,archived_unique_ignored_capture
data/captures/sites/www_booking_com_20260529_182438/layer1.html,20916,dc2e2ca000892a525787f3ee029e6a578db32328bd65364de80da80959f5c1c0,9f08881dbdb0f47d68509703493ad11dbe8a0b2e,data/captures/sites/www_booking_com_20260529_182438/layer1.html,archived_unique_ignored_capture
data/captures/sites/www_booking_com_20260529_193509/layer1.html,432582,34eddc5ec532839340c1bd73802028d2f279ad312b6424fb4f8ae775ceb88cf2,9b11be34039f1527af93ec51f6bfda9fcd5d62de,data/captures/sites/www_booking_com_20260529_193509/layer1.html,archived_unique_ignored_capture
data/captures/sites/www_booking_com_20260605_160226/layer1.html,20916,1b527847e49cda4bcda330f27f168431cc1860d833919d869f36f6f06fd8369a,b60fd3895844b61c973da56282bb927d924a271e,data/captures/sites/www_booking_com_20260605_160226/layer1.html,archived_unique_ignored_capture
data/captures/sites/www_chase_com_20260529_173803/layer1.html,306432,7f2ca937d9e02d89bbebdc60807a88c25ee9d1c689df589190f0f4e58a35a9c5,018c71fa0fa920ba4e1b6128ba03d49dfbdc7dc3,data/captures/sites/www_chase_com_20260529_173803/layer1.html,archived_unique_ignored_capture
data/captures/sites/www_chase_com_20260529_184940/layer1.html,394346,f8c217608e6f4972a9f4602fdaed47ee9083c441d2ca2d61c08f3c9f8547d831,23b05dd2644b687e32de2c32d0326c83854a0e26,data/captures/sites/www_chase_com_20260529_184940/layer1.html,archived_unique_ignored_capture
data/captures/sites/www_cnn_com_20260529_173735/layer1.html,5146099,51d28b4af88fe6e93de7b4c6e5a3c7c2f81f4ae802e0b146b61e13e068f330ab,df7e4614f6d6fcce9ee85200f593f14c9952736d,data/captures/sites/www_cnn_com_20260529_173735/layer1.html,archived_unique_ignored_capture
data/captures/sites/www_cnn_com_20260529_181620/layer1.html,5101698,82b19e64761175ca1b2f122a059ef9107ab4c6d370d9bc6781d8a71871c3a348,b0be76ca67a81c6bf4b4c829ed77b63ee25913a4,data/captures/sites/www_cnn_com_20260529_181620/layer1.html,archived_unique_ignored_capture
data/captures/sites/www_cnn_com_20260529_193504/layer1.html,5206468,ab5785f31999501cfd61cb394055167a7e42d4979b14ec5e754fcbe840849e72,58d272a5e5be4722bb5b49f2c1132c3573853f87,data/captures/sites/www_cnn_com_20260529_193504/layer1.html,archived_unique_ignored_capture
data/captures/sites/www_cnn_com_20260605_160221/layer1.html,5179000,3adfda3091d23765c6263140c8b46eef2b907b95578b39042886f3661635944b,738a87fd16eb38a06b6e077df1f5dd6c66b2ad8b,data/captures/sites/www_cnn_com_20260605_160221/layer1.html,archived_unique_ignored_capture
data/captures/sites/www_coca_cola_com_20260529_191747/layer1.html,401692,e14532be4c97c5a16ba9876675d88ea522d908f2abdab5b93234fa941b2faba1,0a37e1681a534d5a9819992ca19fbae17cf5c111,data/captures/sites/www_coca_cola_com_20260529_191747/layer1.html,archived_unique_ignored_capture
data/captures/sites/www_coca_cola_com_20260529_193519/layer1.html,401690,db9b10f752e4dfd9d3d76cc8a9b20265ff53227fc8c856790f54b5167e056fea,59f44b6fb893f5d4effdc719de263406e4589857,data/captures/sites/www_coca_cola_com_20260529_193519/layer1.html,archived_unique_ignored_capture
data/captures/sites/www_coca_cola_com_20260605_160238/layer1.html,407964,bb63e6524504c6a0c7326091fa3a9b3fccb26e005a10eb53ff0474d9b24f0f23,a749140163208363bddf189c8545bcf179486b68,data/captures/sites/www_coca_cola_com_20260605_160238/layer1.html,archived_unique_ignored_capture
data/captures/sites/www_coca_cola_com_20260615_043524/layer1.html,407039,3eb099b02052ca9db95162a116380a4539d9d0e9c78966726eb88d9119bb9e85,ae698400338c687323881d9b8a842cc2db55bf2b,data/captures/sites/www_coca_cola_com_20260615_043524/layer1.html,archived_unique_ignored_capture
data/captures/sites/www_coca_cola_com_20260615_051240/layer1.html,406888,a271bfd72914b3186c983929acdb2f6d4bae674c49fce98cfd49bd759e91969b,809fe5a191b2e43fee46a8093164fbe97f288ca8,data/captures/sites/www_coca_cola_com_20260615_051240/layer1.html,archived_unique_ignored_capture
data/captures/sites/www_ibm_com_20260529_191806/layer1.html,544210,f0c5e61aa0ed567fe10941166f44c8ac7c363610864671fe84afba37b0b885dc,598f7e54d52a2900653ad393635eef0a1fd85312,data/captures/sites/www_ibm_com_20260529_191806/layer1.html,archived_unique_ignored_capture
data/captures/sites/www_ikea_com_20260529_191757/layer1.html,1517357,ca59c002e51c2d185d33758098c344301bdcdf4254b2f02f811b24a3f9cc0610,138ef5a9e1b685f6f35de8c3a149e6cde9821c95,data/captures/sites/www_ikea_com_20260529_191757/layer1.html,archived_unique_ignored_capture
data/captures/sites/www_intuit_com_20260529_191813/layer1.html,1702,ac202d65c2029715fb24bf1c2486057ea47fbafbaec14f24d2c4b3ac0f043cf1,9878b1813892f49df262162986e0c399c6f687a0,data/captures/sites/www_intuit_com_20260529_191813/layer1.html,archived_unique_ignored_capture
data/captures/sites/www_nerdwallet_com_20260529_173808/layer1.html,989461,60dc92e6d8ddea73284015131aa5ae68c35bbc62100477344d20109f96100d2c,75d8c07d732bd34ab95bee2f2f1c075146b14c61,data/captures/sites/www_nerdwallet_com_20260529_173808/layer1.html,archived_unique_ignored_capture
data/captures/sites/www_nerdwallet_com_20260529_181624/layer1.html,990227,9e6d275c1538743845c2ebf5eae1f0dcec653b1b509f1f70068c91ba829fd6ba,ab52f639b2a7700108a6bddb45306b915e6ed451,data/captures/sites/www_nerdwallet_com_20260529_181624/layer1.html,archived_unique_ignored_capture
data/captures/sites/www_nerdwallet_com_20260529_193515/layer1.html,1114925,6f5788d60ef5d1890f2d504a8ba3279d51edd928b2cbc8997a8a2c8f44aa5b12,65b563539fd6f9188e55473450bd0e6648664033,data/captures/sites/www_nerdwallet_com_20260529_193515/layer1.html,archived_unique_ignored_capture
data/captures/sites/www_nerdwallet_com_20260605_160232/layer1.html,990783,a66bf169c10d8f61913cba5eff10147e8d9853fee94f0e0f81dac6e4f59d711d,4381699491f3a8a4c4a1fa05f43dc25c97d7405d,data/captures/sites/www_nerdwallet_com_20260605_160232/layer1.html,archived_unique_ignored_capture
data/captures/sites/www_nytimes_com_20260529_154727/layer1.html,1467189,03d474a824c2fa5327906c2e8ea3e5190e2b70d6051acd6efecab95ac37ec982,39e0dcdd8b90e591ad8b8a87fcf7e887ceafddd7,data/captures/sites/www_nytimes_com_20260529_154727/layer1.html,archived_unique_ignored_capture
data/captures/sites/www_nytimes_com_20260529_154941/layer1.html,1466496,41d234d0958c37b94e2b489f201d7355ee8cb5ad33b1c8b6ebb2d60a2fd4ed21,0c80d5f96e9d35e0cec830eb22f94e1958a565bf,data/captures/sites/www_nytimes_com_20260529_154941/layer1.html,archived_unique_ignored_capture
data/captures/sites/www_nytimes_com_20260529_155228/layer1.html,1464012,03755e3d68f439fc8ba84cf3607d7a2f81a1d4bced5d60fd17e7b392e49874e5,debb9ae6268c82d3bf1d631d5f0c527062d069bc,data/captures/sites/www_nytimes_com_20260529_155228/layer1.html,archived_unique_ignored_capture
data/captures/sites/www_nytimes_com_20260529_160125/layer1.html,1439035,17b229d72590d8eea8c518f34b0a6cb34c485ffda94baf83bddc7101034b631c,96f53225558b620157019de6c30f4a796f438fc3,data/captures/sites/www_nytimes_com_20260529_160125/layer1.html,archived_unique_ignored_capture
data/captures/sites/www_nytimes_com_20260529_160402/layer1.html,1442957,ff5e5044b424b4c92fb6ff2dd7f17f6e3c7c90ec09c12dfae1416619663cbc7a,bda1cf0daa8f219eb6858e8e43fad5c92dd253b8,data/captures/sites/www_nytimes_com_20260529_160402/layer1.html,archived_unique_ignored_capture
data/captures/sites/www_nytimes_com_20260529_160707/layer1.html,1275848,8f6e4fc7ff95180d37c8b05ebfdc6fde79b23a2ed5f157f88771540fceeefb76,e8d14d27757401666b4a8293250281d93ea4f8f5,data/captures/sites/www_nytimes_com_20260529_160707/layer1.html,archived_unique_ignored_capture
data/captures/sites/www_nytimes_com_20260529_161016/layer1.html,1263879,e136cfd0d2cf43f705327d50d2a3bb38c9498f61ffce352c1013b83590d06476,d7d9cbfb5708507ab11ccfbf03b1c0d5146203e0,data/captures/sites/www_nytimes_com_20260529_161016/layer1.html,archived_unique_ignored_capture
data/captures/sites/www_nytimes_com_20260529_184912/layer1.html,1374590,7023c7cf270e207fe55437e9d4711ebb5e5b124b31806fa34f8ee1551e0ccc7f,00c10eca956370189bb96f3515cfe5128309e7c9,data/captures/sites/www_nytimes_com_20260529_184912/layer1.html,archived_unique_ignored_capture
data/captures/sites/www_reddit_com_20260529_154733/layer1.html,189958,4f5ea74e761d12a1aca0a61ff561f5e413341d8d0f898bd10e3b82aaf70b82fd,04bc2301d06a3573cd7a6e97d8d8cd2f498f7830,data/captures/sites/www_reddit_com_20260529_154733/layer1.html,archived_unique_ignored_capture
data/captures/sites/www_reddit_com_20260529_154950/layer1.html,189958,4f5ea74e761d12a1aca0a61ff561f5e413341d8d0f898bd10e3b82aaf70b82fd,04bc2301d06a3573cd7a6e97d8d8cd2f498f7830,data/captures/sites/www_reddit_com_20260529_154950/layer1.html,archived_unique_ignored_capture
data/captures/sites/www_reddit_com_20260529_155249/layer1.html,189958,4f5ea74e761d12a1aca0a61ff561f5e413341d8d0f898bd10e3b82aaf70b82fd,04bc2301d06a3573cd7a6e97d8d8cd2f498f7830,data/captures/sites/www_reddit_com_20260529_155249/layer1.html,archived_unique_ignored_capture
data/captures/sites/www_reddit_com_20260529_160133/layer1.html,189958,4f5ea74e761d12a1aca0a61ff561f5e413341d8d0f898bd10e3b82aaf70b82fd,04bc2301d06a3573cd7a6e97d8d8cd2f498f7830,data/captures/sites/www_reddit_com_20260529_160133/layer1.html,archived_unique_ignored_capture
data/captures/sites/www_reddit_com_20260529_160418/layer1.html,189958,4f5ea74e761d12a1aca0a61ff561f5e413341d8d0f898bd10e3b82aaf70b82fd,04bc2301d06a3573cd7a6e97d8d8cd2f498f7830,data/captures/sites/www_reddit_com_20260529_160418/layer1.html,archived_unique_ignored_capture
data/captures/sites/www_reddit_com_20260529_160716/layer1.html,189958,4f5ea74e761d12a1aca0a61ff561f5e413341d8d0f898bd10e3b82aaf70b82fd,04bc2301d06a3573cd7a6e97d8d8cd2f498f7830,data/captures/sites/www_reddit_com_20260529_160716/layer1.html,archived_unique_ignored_capture
data/captures/sites/www_reddit_com_20260529_161027/layer1.html,189958,4f5ea74e761d12a1aca0a61ff561f5e413341d8d0f898bd10e3b82aaf70b82fd,04bc2301d06a3573cd7a6e97d8d8cd2f498f7830,data/captures/sites/www_reddit_com_20260529_161027/layer1.html,archived_unique_ignored_capture
data/captures/sites/www_reuters_com_20260529_155245/layer1.html,1468,3550ab5485e54f8632030ba8bb31109fb3a570f0414e8cd9f20fc8ba640eb342,3eab9370e4483f29444a11d3d1dbbf9f67696469,data/captures/sites/www_reuters_com_20260529_155245/layer1.html,archived_unique_ignored_capture
data/captures/sites/www_reuters_com_20260529_160131/layer1.html,1468,4a343a292e63a1636c70b88812c2f3c65d3dbf252217c2b5e990f3e449bf573e,0a5cfcea1c65970ac0db85020ecd235d7d78fa98,data/captures/sites/www_reuters_com_20260529_160131/layer1.html,archived_unique_ignored_capture
data/captures/sites/www_reuters_com_20260529_160415/layer1.html,1468,bddba0f26032c7bbcdf623a7b6411140badc0d38e21f58a868b4612083b56f65,01893216a73ef530b09a33ce5676a4b50abe9038,data/captures/sites/www_reuters_com_20260529_160415/layer1.html,archived_unique_ignored_capture
data/captures/sites/www_reuters_com_20260529_160713/layer1.html,1468,021989c3279ece1ec13d431a916ea103cf113c247d43066a0d83f999a201839e,13edd7ab60e341c1c3eac3535a575dd23d48a882,data/captures/sites/www_reuters_com_20260529_160713/layer1.html,archived_unique_ignored_capture
data/captures/sites/www_reuters_com_20260529_161025/layer1.html,1468,61c5d37d1a461a8b8ebc84c7a14d39d07f7b7e9fceb0a5f94ded6b3d8198fa3d,f156f4f086bce6609e4f7bc6666ba75e12bfcc7c,data/captures/sites/www_reuters_com_20260529_161025/layer1.html,archived_unique_ignored_capture
data/captures/sites/www_spotify_com_20260529_173759/layer1.html,35993,7caa6ad65fb057704dc63bef25caacbea8db6cf1588c7bfb485ec37947f52bd5,8fdbef2df7f3a03fbcb8f81df24a132c7f5d79ad,data/captures/sites/www_spotify_com_20260529_173759/layer1.html,archived_unique_ignored_capture
data/captures/sites/www_spotify_com_20260529_184935/layer1.html,115738,7bac2a8856fda0d268e5bc8e55d8677e762a787a66c02a0484665800acc0e119,40e22d76b817e03564a5adbb7a75689ffc9ba272,data/captures/sites/www_spotify_com_20260529_184935/layer1.html,archived_unique_ignored_capture
data/captures/sites/www_theguardian_com_20260529_154711/layer1.html,1334897,99acad3fbdaacad18a753e1e47a633d021ef2801565347503ce0c4b1690d1a64,c8605aa409d9b4afa2c0a435643a87764d74c1db,data/captures/sites/www_theguardian_com_20260529_154711/layer1.html,archived_unique_ignored_capture
data/captures/sites/www_theguardian_com_20260529_154925/layer1.html,1332090,bae4786c0dbb03759dee5201a672722342c1a0cf4db84b3dcc08dd9ff696aec0,36b4dcf7dc8f9febf65186ccfeb3f9e87b07c3d7,data/captures/sites/www_theguardian_com_20260529_154925/layer1.html,archived_unique_ignored_capture
data/captures/sites/www_theguardian_com_20260529_155210/layer1.html,1332509,fb3742496bb8901c7dc104b9aa62dc1c7a9d4bd80dace0baa11424dbd9daa2a2,a5dcd5307749e13f3423428afb48ce052204c04a,data/captures/sites/www_theguardian_com_20260529_155210/layer1.html,archived_unique_ignored_capture
data/captures/sites/www_theguardian_com_20260529_160120/layer1.html,1330786,2a02540b52368d680332679c1237b154feb926991f6f9bd4e24d21e720fae451,454d33a5b7f70f57741df9af86dced3f57e6839b,data/captures/sites/www_theguardian_com_20260529_160120/layer1.html,archived_unique_ignored_capture
data/captures/sites/www_theguardian_com_20260529_160342/layer1.html,1331707,f13c8d135ab3713d6cdc701cbeb47f11273c0a36a82b9d3012e9143a6d195cbd,167141e200e829b9ab0fe0fd26473dab79baa8b5,data/captures/sites/www_theguardian_com_20260529_160342/layer1.html,archived_unique_ignored_capture
data/captures/sites/www_theguardian_com_20260529_160701/layer1.html,1333470,f953459e7975273bfab88165bacddb7b89456e4f46a9354abeac4408c2089a6e,ef5c6a6fe49e2708d7f1e9c89bee7de2286803ed,data/captures/sites/www_theguardian_com_20260529_160701/layer1.html,archived_unique_ignored_capture
data/captures/sites/www_theguardian_com_20260529_161010/layer1.html,1335035,f747a3c641db6de1da02f87227a5bf86311f680c770d5ee13b6cdc3aa4eb3fc4,2339f8d8ec03bf2c5680d055a5c508d8fbde9fdd,data/captures/sites/www_theguardian_com_20260529_161010/layer1.html,archived_unique_ignored_capture
data/captures/sites/www_theguardian_com_20260529_181602/layer1.html,1337632,fadab0fbfb5ff69bbdfb10fc7870ce68c0d81495707c625e279a07cbf608d517,0cb6fac82506559b9283ae410123cd5b4e254ba8,data/captures/sites/www_theguardian_com_20260529_181602/layer1.html,archived_unique_ignored_capture
data/captures/sites/www_theguardian_com_20260529_193456/layer1.html,1336978,1aab96565edb91772c426a3cbeb4060c2d2ffe59028f46368d32178b289e157e,3f8a2bab6e36a651fa80c82888179f54fb840b65,data/captures/sites/www_theguardian_com_20260529_193456/layer1.html,archived_unique_ignored_capture
data/captures/sites/www_theguardian_com_20260605_160209/layer1.html,1423879,60b9add43b807053adcc722ceec43f334cfd81e33f4c6befbef3f17600e91624,92a7566d67e82f288e132a81963bdf8a9f223b59,data/captures/sites/www_theguardian_com_20260605_160209/layer1.html,archived_unique_ignored_capture
data/captures/sites/www_walmart_com_20260529_173749/layer1.html,356317,083ff461862926343a1b5a186f1510f2331a0f5bf4d20f7a7ba79d851ccc95a4,dbe5b4f23870e6c1dede9e7c1924429a06263560,data/captures/sites/www_walmart_com_20260529_173749/layer1.html,archived_unique_ignored_capture
data/captures/sites/www_walmart_com_20260529_184926/layer1.html,1456847,e67019c4ac44f9a2156fd1c54c66cf8a2ef9fb26ea333a6710c5b22e9a5096fa,39b60697e9563362a5fc96cde8a599be200d2911,data/captures/sites/www_walmart_com_20260529_184926/layer1.html,archived_unique_ignored_capture
data/captures/sites/www_wikipedia_org_20260529_154735/layer1.html,120942,47147b9c337ffb703f40f20a4bd489138ff1152362e9f4593b53f7ee30ac77c5,743de4338d49ede79bc3d307451c1ee7bfba1dae,data/captures/sites/www_wikipedia_org_20260529_154735/layer1.html,archived_unique_ignored_capture
data/captures/sites/www_wikipedia_org_20260529_154953/layer1.html,120942,47147b9c337ffb703f40f20a4bd489138ff1152362e9f4593b53f7ee30ac77c5,743de4338d49ede79bc3d307451c1ee7bfba1dae,data/captures/sites/www_wikipedia_org_20260529_154953/layer1.html,archived_unique_ignored_capture
data/captures/sites/www_wikipedia_org_20260529_155253/layer1.html,120942,47147b9c337ffb703f40f20a4bd489138ff1152362e9f4593b53f7ee30ac77c5,743de4338d49ede79bc3d307451c1ee7bfba1dae,data/captures/sites/www_wikipedia_org_20260529_155253/layer1.html,archived_unique_ignored_capture
data/captures/sites/www_wikipedia_org_20260529_160136/layer1.html,120942,47147b9c337ffb703f40f20a4bd489138ff1152362e9f4593b53f7ee30ac77c5,743de4338d49ede79bc3d307451c1ee7bfba1dae,data/captures/sites/www_wikipedia_org_20260529_160136/layer1.html,archived_unique_ignored_capture
data/captures/sites/www_wikipedia_org_20260529_160420/layer1.html,120942,47147b9c337ffb703f40f20a4bd489138ff1152362e9f4593b53f7ee30ac77c5,743de4338d49ede79bc3d307451c1ee7bfba1dae,data/captures/sites/www_wikipedia_org_20260529_160420/layer1.html,archived_unique_ignored_capture
data/captures/sites/www_wikipedia_org_20260529_160718/layer1.html,120942,47147b9c337ffb703f40f20a4bd489138ff1152362e9f4593b53f7ee30ac77c5,743de4338d49ede79bc3d307451c1ee7bfba1dae,data/captures/sites/www_wikipedia_org_20260529_160718/layer1.html,archived_unique_ignored_capture
data/captures/sites/www_wikipedia_org_20260529_161030/layer1.html,120942,47147b9c337ffb703f40f20a4bd489138ff1152362e9f4593b53f7ee30ac77c5,743de4338d49ede79bc3d307451c1ee7bfba1dae,data/captures/sites/www_wikipedia_org_20260529_161030/layer1.html,archived_unique_ignored_capture
